Komentar,label_index,predicted_label
"""Kaka tidur yaa, udah pagi, gaboleh capek2""",,Unknown class
"""makan nasi padang aja begini badannya""",,Unknown class
"""yang aku suka dari dia adalah selalu cukur jembut sebelum manggung""",,Unknown class
"""Hai kak Isyana aku ngefans banget sama kak Isyana.aku paling suka lagu kak Isyana itu lagu tetap didalam jiwa""",,Unknown class
"""Manusia apa bidadari sih herann deh cantik terus üòå‚ô•Ô∏è""",,Unknown class
"""@ayu.kinantii isyan skrg berubah ya:( baju nya nakal""",,Unknown class
"""Gemesnya isyan kayak tango, berlapis lapis ciaaaa""",,Unknown class
"""Makin jelek aja anaknya, padahal ibu ayahnya cakep2""",,Unknown class
"""Kok anaknya kayak udah tua gitu ya mukanya kk tasya""",,Unknown class
"""Muka anak nya ko tua banget yaa.. GK ngegemesin GK ada lucu2nya""",,Unknown class
"""Muka nya muka kolot wkwk bukan muka bayi2 lucu gt""",,Unknown class
"""Udah gila sekarang ini orang wkwk, udah jomblo jadi psikolog ga laku, ya jadilah seperti itu""",,Unknown class
"""Lo sintingnya udah tingkat dewa""",,Unknown class
"""Sepertinya Lutfi setelah putus dgn salsa seperti orang stress""",,Unknown class
"""ANAK TOLOL INI MULAI AKTIF YA BUND""",,Unknown class
"""bisa mati aja ga? gedeg gua liat lu. ANJIM""",,Unknown class
"""Woy Lutfi asu , sok asik Lo ANJING !""",,Unknown class
"""Apasih kontol berantem aja lah ayo bngst @lutfiagizal""",,Unknown class
"""Ibu kamu pelakor plus hamil di luar nikah ya? Pantesan anaknya kyk gini modelannya""",,Unknown class
"""Anaknya udh pinter, maknya yang kelempengan.. berasa masih baby, tingginya azka aj melebihi mamanya..""",,Unknown class
"""Anak yg cerdas terbentuk dr pola asuh sekaligus pola didik ortu yg cerdas pula sih pada saranya. Sesimple itu""",,Unknown class
"""Setengah iri setengah jadi motivasi ini""",,Unknown class
"""Ancur hidup lu kalau sama dia‚Ä¶ Sumpah..""",,Unknown class
"""serem banget muka lo mel kayak ayam potong merah banget""",,Unknown class
"""Yaudah jd pengusaha kuliner aja gausah artis, makanannya emang bikin ngiler sih wkwkw""",,Unknown class
"""Kamu emang cocoknya jadi pengusaha kuliner udah fixs. Semoha lancat terusssss""",,Unknown class
"""Tak sejelek IMAGE Owner ya..? Artis ups bukan Artis? Hallo secara tidak langsung semua orang itu tau IMAGE lu jelek gentong!""",,Unknown class
"""Apaan sih gak jelas hidupnya""",,Unknown class
"""Sebelum aku Unfoll, aku mau bilang NAJISSSS""",,Unknown class
"""muka lu sensual tapi norak kenapa dah""",,Unknown class
"""Udah gk jaman ngebully orang hey netizen mending ngaca dari kekurangan sendiri""",,Unknown class
"""Kalau pas penempatannya, sebenernya kamu imut banget loh mel.""",,Unknown class
"""Cakep kaga jelek iya HAHAH""",,Unknown class
"""jari jari kaki kayak jarinya tukang panggul""",,Unknown class
"""Kakinya kek lagi hamil tua ya bun, semacam kaki gajah @ayuugsia""",,Unknown class
"""Suka heran sama yg ngehina fisik,, ternyata bener ya kita semua pendosa dengan cara kita sendiri,,""",,Unknown class
"""Ini diedit biar langsing padahal mah klo live bomber badannya""",,Unknown class
"""Kakinya gedong sayyy kek kaki jantan‚Ä¶ Upp kan dia suka berbaur ama warwerwor.. Mahluk astral.. Yg kakinya gedong""",,Unknown class
"""Bagusan foto pakai masker drpd gak pakai masker""",,Unknown class
"""@rosameldianti_ kakak foto sebelum ini. kenapa Memeknya Keliatan Tebal???? Memeknya kakak Lagi Bengkak yah???""",,Unknown class
"""Bra nya kedodoran kak make ukuran gede yaa""",,Unknown class
"""Nah ini cantik seneng. Usahanya membuahkan hasil. Semangat ya mel semoga menjadi pribadi yang lebih baik lagi""",,Unknown class
"""mba bisa gk sih, kalau gk merem melek gitu matanya kaya orang cacingan""",,Unknown class
"""Semoga lancar terus usahanya mel""",,Unknown class
"""Cantik banget kalo meldi muka natural kek gini""",,Unknown class
"""Lu diem aja cantik mel kalo ga banyak gaya serius""",,Unknown class
"""Kaku kek kanebo kering hahaha""",,Unknown class
"""Semakin glowing say‚Ä¶ natural kayak gini bagus tambahin prestasi nya ya say""",,Unknown class
"""Meldi, emaknya buka klinik totok aura kayaknya anaknya gak pernah ditotok ya‚Ä¶ auranya gak keliatan yg ada malah butek""",,Unknown class
"""Karena muka lo pasaran mel, di pasar sapi juga ada yang mirip noh""",,Unknown class
"""Maap kalau gua sering nyamain lu sama dugong soalnya emang mirip""",,Unknown class
"""Iya lo kamu mirip monyet mel""",,Unknown class
"""Bagusan pantat panci aing atuh anjir""",,Unknown class
"""Ya emang ga ada yang sama soalnya muka kamu sama dengan muka badak, muka beton, ga ada malu,,,""",,Unknown class
"""Kok mbak meldi sekarang tambah cantik ya rahasianya apa..""",,Unknown class
"""Lengannya gempal banget sih HAHA""",,Unknown class
"""Fix yang komen semua nyela""",,Unknown class
"""Udah ka gausah digubris gausah dipikirin. Bersyukur aja sama nikmat tuhan yang udah dikasih ke kaka. Gausah juga ngatain orang ka, tetep bersyukur atas nikmatnya""",,Unknown class
"""Jari jari nya gede gede banget, apalagi pas ngiklan makan ikan danau hambar, jarinya kayak jempol semua hawak bener""",,Unknown class
"""Jangan disamain muka @rosameldianti_ sama orang oi. Mintanya disamain sama babi""",,Unknown class
"""Ga ada yang dibawah Meldi, semuanya setara, ada kekurangan ada kelebihan""",,Unknown class
"""Ka mel gausah merendahkan orang lain. Bersyukur aja diatas langit juga masih ada langit lagi""",,Unknown class
"""Mukanya kalau gak dibantu kamera dekil dan kumel""",,Unknown class
"""Semua wanita cantik, jangan suka merasa lebih ah""",,Unknown class
"""Meldi udah dapat kontrak endorse skincare ya tapi kok mukanya tetap jelek si?""",,Unknown class
"""Gila Netizen pada sempurna ngehina orang terus""",,Unknown class
"""Semua dah pada ngembang‚Ä¶ habis di berapa cowo meldi?... enak ya di otak atik""",,Unknown class
"""Karena muka kayak elo pasaran dan murah‚Ä¶""",,Unknown class
"""Muka buluk kepedean lagi.. muka udah tua""",,Unknown class
"""Muka lu kaya tai wkwkwk""",,Unknown class
"""Sakit jiwa ini upil gajah‚Ä¶ Kasihan""",,Unknown class
"""Jelek macam buntut kuali hahaha""",,Unknown class
"""Meldi tambah kurusan sekarang ya??? Cantik walaupun tanpa make up‚Ä¶""",,Unknown class
"""Elu juga semoga semakinlebih baik dalam segala hal, terutama akhlak dan etikanya""",0.0,Normal
"""Mbak mell sehat dan sukses ya""",,Unknown class
"""Aamiin. Doa baik juga untuk Meldi""",,Unknown class
"""Selamat tahun baru mbak, semoga jadi pribadi yang lebih baik amin""",,Unknown class
"""Meldi ini lama lama cantik loh tinggal dibenerin akhlak dan adabnya pasti makin sip""",,Unknown class
"""Pengambilan fotonya sudah bagus mantap dan keren.. tinggal pengambilan ARWAH nya aja yang belum""",,Unknown class
"""Nggak ada cantik-cantik nya hahaha""",,Unknown class
"""Kasian editornya sih ini, nanggung dosa banget kayaknya ngeditnya offside gini""",,Unknown class
"""Lama lama mirip dewi persik ya""",,Unknown class
"""pada julid padahal kan meldi gak nyusahin kalian""",,Unknown class
"""ini foto apa w masukin museum aja ya ga ada pantas2nya""",,Unknown class
"""Nggak ngumpul bareng mami isa lagi kan kamu yang paling gembrot disana""",,Unknown class
"""Lagu lu ga ada yang laku ya mel??""",,Unknown class
"""Lututnya masih hitam gosok maning biar tambah cling dan cantik""",,Unknown class
"""Suka heran sama warga +62 sukanya ngehujat orang mulu, dapat pahala kagak dosa mah iya""",,Unknown class
"""Tambah cantik aja rosa meldianti""",,Unknown class
"""Jadi diri sendiri, jangan jadi ular apalagi dugong""",,Unknown class
"""Saya kok suka ya sama mereka harmonis""",,Unknown class
"""Cantik banget kalau pakai baju kayak gitu""",,Unknown class
"""Jujur ya kamu kalo anteng ga buat masalah cantik mel""",,Unknown class
"""Cowoknya ga ada cakep cakepnya""",,Unknown class
"""Di foto tirus.. Kalo di video wariorr kok mukanya kek donat gak ada bentuknya""",,Unknown class
"""Dari sekian banyak foto yang diposting, ini yang paling cantik""",,Unknown class
"""Artis abal-abal.. Muka putih tangan hitam‚Ä¶ ager2 ATM nya udah isi berapa sekarang""",,Unknown class
"""Itu muka kayak penuh tekanan banget""",,Unknown class
"""@rosameldianti_ cowokmu wajah nya culun dan cupu kayak om2""",,Unknown class
"""Masyaallah cantik terlihat sopan dan anggun""",,Unknown class
"""Kang ojek kali belang tangannya""",,Unknown class
"""Seneng liat pasangan ini cewenya di hujat 1 indonesia tapi dia tetep setia nemenin""",,Unknown class
"""Dia memutuskan menjadi tumbal apartment""",,Unknown class
"""makin cantik mel, semangat dietnyaa""",,Unknown class
"""Itu tangan apa paha haha‚Ä¶.""",,Unknown class
"""Mel disini kamu keliatan cakep""",,Unknown class
"""Mukanya kayak lagi ngeden pas boker""",,Unknown class
"""Aduuh.. terlalu halu.. hhahaha lebay editan nyaa lemak kemana lemak‚Ä¶ hahhaaa.. mimpi ketinggian..""",,Unknown class
"""salfok sama kaki, tapi cantik banget asli""",,Unknown class
"""@_dy1412 buset cantik diedit aja mba, coba dah aslinya dah kayak buntelan kentut‚Ä¶""",,Unknown class
"""atas bawah hitam putih, kek kopi luwak""",,Unknown class
"""Palsu badane diedit semua tu, aslinya dimana2 lemak""",,Unknown class
"""Udah dapat kontrak dari skincare ttp aja buluk mel""",,Unknown class
"""heran sama netizen klo gk suka jangan diliat aja""",,Unknown class
"""sukses selalu yah ka @rosameldianti_ semangat""",,Unknown class
"""Jujur aku lebih suka meldi yang sekarang daripada yang dulu suka ngehujat orang""",,Unknown class
"""sumpah aslinya muka lo lebar kayak baskom loh mel @rosameldianti_""",,Unknown class
"""Berkarya teros meldi walo ga ada yg nuntun kamu.""",,Unknown class
"""Astaghfirullah, seram sekali ya bun seperti ular jelmaan makhluk halus ya bun""",,Unknown class
"""Dan yang paling saya heran cowokpun ikut ngebully, sabar meldi.""",,Unknown class
"""Astaga‚Ä¶ Ratu edit muka.. Sumpah seren kayak film setan2 gitu‚Ä¶..""",,Unknown class
"""Matanya kayak katarak anjir AHAHAH""",,Unknown class
"""Caption aja COPAS! Cantumin credit dong, dasar iblis""",,Unknown class
"""Unfoll aja daripada kalian dosa ngebully2 terus..""",,Unknown class
"""Meldi aku perhatikan kamu seperti orang china deh.. cantik""",,Unknown class
"""Editan softlensnya keluar itu mbaknya, kayak ratu titisan ular kamu wkwkwk""",,Unknown class
"""Kasihan ular dibawa bawa kamu gak pantas jadi ular pantasnya jadi bunglon atau buaya..""",,Unknown class
"""Maju trus ya sayang.. abaikan orang2 yg comment menyakitkan""",,Unknown class
"""Kasihan ya kamu @rosameldianti_ Hidup sekali cuman buat bahan hujatan masyarakat‚Ä¶ Mubadzir banget deh hidup lo‚Ä¶ Napa gak bunuh diri aja?""",,Unknown class
"""Semangat mel, bahasa asing mah yang penting kita berani pasti entarnya bisa""",,Unknown class
"""Beda sama d foto yaa.. Disini lebar banget mukanya maaf itu kalau foto editan ya""",,Unknown class
"""Meldi meskipun kadang mulut ku tak bisa di rem karena kehaluanmu, tapi aku bangga akan berusaha mu, yuhuuu""",,Unknown class
"""Lupa di edit ya tu muka melar""",,Unknown class
"""Semangatt, kesalahan dalam belajar bahasa asing itu penting. Karena itu pembelajaran utamanya, supaya kesalahannya ga terulang""",,Unknown class
"""Kereennnn.. dari bully.an netizen menjadikanmu mau belajar""",,Unknown class
"""Hiiihhh jiik lihat nih orang‚Ä¶ auranya buruk bgt gak ada manis manisnya""",,Unknown class
"""Semangat untuk belajar ya‚Ä¶ saya uga gak bisa bahasa inggris""",,Unknown class
"""Yang penting ada niat.. dan keberanian""",,Unknown class
"""Salut Mel.. semangat belajar, yg ngetawain juga belum tentu bisa Dan berani..""",,Unknown class
"""Gpp Mel semangat buat belajar trusssss jangan gampang nyerah pokoknya @rosameldianti_""",,Unknown class
"""Setidaknya dia ngaku. bukan belagak pintar""",,Unknown class
"""Masih jauh kalo ngarep bisa ikutan kontes miss earth , makanya dari kecil les inggris biar lidahnya gak keseleo""",,Unknown class
"""Cuma di postingan ini ya bund netizen sedikit yang menghujat""",,Unknown class
"""Happy birthday Mel sehat dan Sukses yah, Aamiin""",,Unknown class
"""Happy Birthday kak Meldi yang imut n ngegemesin. Tambah sukses selalu""",,Unknown class
"""Ya ampun ketiak dan lemaknya editan parah wkwk""",,Unknown class
"""Ketiaknya habis di amplas mel, alus banget""",,Unknown class
"""Udah diedit gitu, ketiak lu tetap hitam""",,Unknown class
"""Selamat ulang tahun mel, udah yah jangan banyak tingkah""",,Unknown class
"""Mukanya kuning banget kaya kunyit""",,Unknown class
"""Selamat ulang tahun meldi sukses dan sehat terus ya‚Ä¶.""",,Unknown class
"""Fotonya lainnya jangan yang ini, kan masih banyak yang lebih cantik ihhh biar gak kena hujat kamu ihh, aku mah kasihan""",,Unknown class
"""HBD meldi‚Ä¶ Semoga sukses selalu dan panjang umur dan rejekinya di lancarkan.. Amin""",,Unknown class
"""Perasaan kemarin lengannya kekar banget kek petinju, udah gitu ketiaknya juga hitam. Kok difoto ini lengannya jadi kecil, ketiaknya putih kek dibedakin""",,Unknown class
"""Selamat Ulang Tahun kak @rosameldianti_, banyaknya sadar dan jangan pansos lagi yah. Amin""",,Unknown class
"""Hbd cantik semoga kedepannya tambah sukses""",,Unknown class
"""Hbd mbak mel tambah cantik di panjangkan umurnya dan sehat selalu""",,Unknown class
"""berdiri di kaki sendiri lebih baik""",,Unknown class
"""Biar di edit2 kaya apa juga tetap aja ketiak hitam nya ga bisa di bohongin""",0.0,Normal
"""Sumpah demi apapun.. Lengan nya gede banget""",,Unknown class
"""Selamat ulang tahun panjang umur sampai ketemu dajjal""",,Unknown class
"""Ketiak hitam buluk mau lu edit nutupin daki diketek lu tetap aka hitam ketiak lu, dasar Dugong @rosameldianti_""",,Unknown class
"""Di atm tinggal 150 ribu aja banyak gaya lu dugong""",,Unknown class
"""Gak ada bagus2nya suara dan polanya‚Ä¶.""",,Unknown class
"""Si Meldi jelek aja banyak gaya. Beda banget sm tante n sepupunya yang udah jelas2 cantik""",,Unknown class
"""Tapi dia sekarang dah berubah gak kayak dulu kalau yang gue lihat""",,Unknown class
"""Ngedit ketiaknya berapa lah dah itu ya ampe ngeblur pisan.. Putihnya kek cat tembok""",,Unknown class
"""Aduh dugong masih aja gila filter‚Ä¶.""",,Unknown class
"""Sekarang bukan muka aja yang didempul, tapi ketiak juga""",,Unknown class
"""Kasian kebelet artis tapi gak punya bakat""",,Unknown class
"""Yang merasa peliharaannya lepas, tolong diangkut""",,Unknown class
"""Miris banget‚Ä¶ ultah bukan didoain yang baik2 tapi tetap di bully kasian !! God bless u mel""",,Unknown class
"""Mudah mudahan lu jadi gembel. Amin ya Allah""",,Unknown class
"""Ketiaknya hitam dikasih bedak jadi nya abu"" monyet""",,Unknown class
"""Heran gua mah kalau gasuka gausah di follow dah tau ni akun private kalo lu tetap follow dan ngebuli tanda nya lu sirik. Gasuka ya gausah diliat, kaya dirinya sempurna aja""",,Unknown class
"""Gua berharap lu aja si yg sakit bukan laura lol""",,Unknown class
"""Harusnya lo aja yang menderitaaa bukan lora anj!!!!!!!!!""",,Unknown class
"""GAGA SEMPET BENERAN LORA LO TINGGALIN, LO ORANG PALING JAHAT GA!!!! LO GAK BAKAL BAHAGIA GA""",,Unknown class
"""Lu bener' ga.kalo sempet nyakitin lora gue santet!!!!!""",,Unknown class
"""Si gaga kok kek anjing""",,Unknown class
"""Semangat gaga, jangan liat kebelakang fokus aja kedepan, masih muda masih banyak yg lebih baik juga.""",,Unknown class
"""Gak ada cantiknya. Gila yang ada""",,Unknown class
"""meldi makin bersinar yaaa, pertahanin karir jgn di sia siain""",,Unknown class
"""Tetap semangat‚Ä¶. sebaik apapun kamu akan dalah Dimata pembenci‚Ä¶..""",,Unknown class
"""Asli gak ada bebet bobo ni anak. kasihan sekali.""",,Unknown class
"""kumat‚Ä¶ lama semedinya segini keluarnya""",,Unknown class
"""Tangannya hitam‚Ä¶ beda ama muka""",,Unknown class
"""Kok meldi di foto aku gendut beda""",,Unknown class
"""Gatau sih, cantik tapi gak ada aura nya sama sekali . Cantik tapi idih gitu lihatnya , kenapa yaa ??""",,Unknown class
"""Baik buruk nya kamu akan tetap terlihat buruk di mata mereka yang ga menyukai mu..""",,Unknown class
"""Gila ni siluman,, di story orang lain keliatan banget tumpukan2 lemaknya, buriknya apalagi""",,Unknown class
"""Dasar Bego lu.. gua jijik sama lu bro kayak gak punya otak banget""",,Unknown class
"""Lo kira lo bagus tuh begitu anjing wkwkw""",,Unknown class
"""Di maafin aaa‚Ä¶ semoga dia jera untuk kedepannya‚Ä¶""",,Unknown class
"""Eh bocah mending Lo mati aja GAK guna juga ada orang kayak lo hahahahaha""",,Unknown class
"""Btw yang video tapi boong itu dia buat nya tahun lalu bukan pas masalah yang sekarang kalau gak percaya lihat tribun news jadi jangan hujat dia lagi ya""",,Unknown class
"""Okay bro kalem aja, tetap semangat dan jangan putus asa""",0.0,Normal
"""Lu Mati ajalah . Udah biar gak bikin ribet""",,Unknown class
"""SAMPAH MASYARAKAT HARUS DI MUSNAHKAN SEGERA""",,Unknown class
"""MATI KAU NAJIS KONTOL BANGSAT MATI KAU""",,Unknown class
"""youtuber toxic, tutup akunmu sekalian tutup usia""",,Unknown class
"""Pada ribet kayak udah pada benar aja lu semua""",,Unknown class
"""Jangan ada hitam diatas putih. Langsung proses""",,Unknown class
"""Kalau sayang sama anaknya ya di serahkan aja ke polisi biar di didik sekalian""",,Unknown class
"""Manusia apa hewan sih kok gak punya hati banget""",,Unknown class
"""Manusia anjing. Nyari uang gitu amat. Lo kerja aja sama gue nyebokin gue ntar gue gaji lo.""",,Unknown class
"""maklum anak kurang pendidikan kayak gitu gak punya akhlak""",,Unknown class
"""Anjing memang anak gak tau diri. ibunya sampai nangis2""",,Unknown class
"""oi babi gue bunuh lu kalau sampai kelihatan sumpah""",,Unknown class
"""Heee sampah lu udah gua maafin TAPI BOONG GOBLOK""",,Unknown class
"""ANJING SINI LO BAKU HANTAM AYO""",,Unknown class
"""Bangkit ya bang jangan lemah buat pelajaran dan ujian buat lu jadi yang lebih baik lagi bang""",,Unknown class
"""Jangan patah semngat kak sukses terus""",,Unknown class
"""Semangat Ferdian gausah dengerin orang yang hujat kamu, karena semua manusia tidak luput dari kesalahan""",,Unknown class
"""Sumpah sekarang aku respect banget sama kamu""",,Unknown class
"""Menurutku pribadi, dia tulus minta maafnya‚Ä¶.""",,Unknown class
"""DIKASIH BIDADARI MAUNYA BONEKA SANTET""",,Unknown class
"""Ilang respect gue.. padahal jane udh setia bgt sama lu, tapi lu nya main cewe pas udh keluar dri penjara.. lol""",,Unknown class
"""Hapus ajh ni poto ngk tau malu bgt lu bang""",,Unknown class
"""Intinya gasuka ajg selama ada listy . Ngrusak suasana""",,Unknown class
"""Di foto ini ada 2 anjing dan 1 kontol""",,Unknown class
"""kasian banget Jane udah nunggu keluar penjara eh taunya :), waw sakit siih""",,Unknown class
"""Puny cewk baik di selingkuhin g ngotak""",,Unknown class
"""Inget yg di potong itu masalah nya bukan hubungan nya, tapi kalo udah gini sembeleh aja orang nya :) udah terlanjur kecewa""",,Unknown class
"""Ini buat konten.. masa putus foto tabi sama jessica engga dihapus ?""",,Unknown class
"""Tiap mau makan dibikin ama jess tpi malah ngehianatin gila sih""",,Unknown class
"""Parah lu bang nama lu udh rusak karna narkoba malah nambah masalah ajh truss""",,Unknown class
"""Ini anjing Kok mirip ya sama Erick""",,Unknown class
"""Muka Pas""an sok sok an mau sm lonte lo anjing""",,Unknown class
"""Lu sama anjingnya, lebih baik anjingnya""",,Unknown class
"""IH ADA BABI JGN MEGANG TUH ANJING HARGA DIRINYA LEBIH TINGGI DRIPADA LO""",,Unknown class
"""Santuy aja bang ga usah di tanggepin,btw gw suka gaya lo""",,Unknown class
"""Narkoboy kontol, Cuma bisa maen cewe sama nyakitin doang lu anjing, mati aja lu bego""",,Unknown class
"""TETEP PENJARA AJA AJG NYUSAHIN LO KELUAR""",,Unknown class
"""cewe cakep, setia kok disia sia in sahabat""",,Unknown class
"""loh kok ak liatnya anjing semua yaa""",,Unknown class
"""Anjingnya ada dua kok guys, tapi kok lagi satu gue liat ada babi item""",,Unknown class
"""Mantan Anjing, eh kebalik anjing mantan""",,Unknown class
"""Bikin skandal karena kepengen tenar?""",,Unknown class
"""Wiii anjay kapan lagi liat babi megang 2 anjing""",,Unknown class
"""Ini adalah foto babi sedang memeluk anjing yg pemilik nya adalah bidadari""",,Unknown class
"""Babi g pantes nyentuh anjingnya bidadari, nanti kotor.""",,Unknown class
"""SESAMA ANJING FOTO DULU YA KAN""",,Unknown class
"""potret seorjing memegang anjing kwkw""",,Unknown class
"""HEH UDH NAPA HATE NYA CAPE GW BACA NYA""",,Unknown class
"""WADUH MALAH LEBIH GANTENG ANJINGNYA. EH EH BAHKAN LU GA PANTES DISEBUT ANJING. ANJING KAN SETIA PANTESNYA SIH BABI HAHAHAHA""",,Unknown class
"""kalo lomba sama""an sm babi, babi nya nmr 2""",,Unknown class
"""Si anjing ketika berfoto dengan si anjing""",,Unknown class
"""Kak jessica yg nungguin+setia sm kk loh pas ad masalah kmrn. Tapi kk ga ngehargain malah lbh milih yg d sono""",,Unknown class
"""erikontolim manusia babi anak lonte""",,Unknown class
"""HARGAILAH HATI WANITA YANG UDH TULUS NEMENIN LO DARI 0!!!""",,Unknown class
"""Tapi bagus sih erick mutusin Jessica ya karna Erick kelakuan ny begituu coba liat Jessica""",,Unknown class
"""Anjing sekarang hebat ya, bisa pake kacamata""",,Unknown class
"""Sdh lh nasi udah jdi bubur ga bisa lagi dibentuk kek semulaaa""",,Unknown class
"""Kukira kehadiranmu akan menjadi sesuatu kebanggaan, ternyata tidak""",,Unknown class
"""Ada 3 Ajg Dan Yg Punya Tato Bener2 Ajg""",,Unknown class
"""dasar orang tua gada akhlak,ngajarin anaknya yang ga bener""",,Unknown class
"""Erik kenapa sih? Ada yang bisa jelasin gw ga update soalnya.. maap2""",,Unknown class
"""Eh jangan dekat dekat sama anjingnya ci Jessica gua lempar lu""",,Unknown class
"""guys dr pd comment2 mending unfoll sm unsubscribe aja yaa""",,Unknown class
"""Babi lagi main ma anjing :)""",,Unknown class
"""Dikasi BIDADARI MALAH PILIH BABI""",,Unknown class
"""Postingan pertama jg dihujat dong gila netijen""",,Unknown class
"""BARU KALI INI LIHAT ANJING SAMA BABI BAIKAN‚Ä¶""",,Unknown class
"""Dikasih bidadari malah milih setan""",,Unknown class
"""Padahal gw g mau benci ama lu bro, tpi ada aja tingkah lu yang melenceng:(""",0.0,Normal
"""SIKAP MU LEBIH NAJIS DARIPADA LUDAH ANJING!""",,Unknown class
"""Njir meskipun udh lama nih poto di post tapi masih banyak yg komen baru2""",,Unknown class
"""kesini cmn mo liat komen aja""",,Unknown class
"""Buset hate comment ampe postingan paling bawah""",,Unknown class
"""Foto di upload nya 20 maret yang comment 1 jam 2 jam 3 jam yg lalu""",,Unknown class
"""Pantes banyak utang buat bayar lonte""",,Unknown class
"""2 3 tutup botol muka lu kek kontol wkwk""",,Unknown class
"""astaga masih pagi dibikin ngakak ama komenan netijen yg ngmng suka bener""",,Unknown class
"""Dah lah. Gw capek baca komen kalian""",0.0,Normal
"""Keliatan bgt anjingnya ketakutan foto sama dakjal""",,Unknown class
"""Astaga ngehujat sampe postingan paling bawah""",,Unknown class
"""Lebih najis elu daripada anjing!""",,Unknown class
"""2 ekor anjing dan satu buaya makan jambut""",,Unknown class
"""Kalo disuruh melihara anjing/eric gw pilih anjing aja meski Najis tapi lebih najisan erick kontol""",,Unknown class
"""Ngapain si pada ngejudge? Mikir dulu lah dia putus juga sebelum kejadian itu tolol""",,Unknown class
"""Hargai wanitamu dia didekati banyak pria tetapi tetap memilihmu""",0.0,Normal
"""Ternyata sipat anjing bukan hanya ada di anjing doang ya,di manusia sipat anjing juga ternyata ada""",,Unknown class
"""Potret ketika anjing poto dengan setan""",,Unknown class
"""BANTU BEDAINN WOYY MANA ANJING MANA BABI""",,Unknown class
"""Udaah woii udahh lu gak kasihan apa‚Ä¶. Aku capek ngelike komenan kalian""",,Unknown class
"""3 anjing 1 anjing berwujud manusia, 2 anjing asli tak ada perwujudan aowkwkw""",,Unknown class
"""Kasian gue sama anjingnya dipegang dajjal""",,Unknown class
"""Kasian anjing nya di pegang babi""",,Unknown class
"""Lo itu kontol gak guna ajg anak dakjal""",,Unknown class
"""mukak lu lebih buruk daripada anjing lu""",,Unknown class
"""dikasi yang bening malah milih yang dakian""",,Unknown class
"""Mending masuk penjara lagi aja dah seumur hidup""",,Unknown class
"""Kok lbih lucu anjingnya ya ktimbang orangnya""",,Unknown class
"""Akhirnya jesica bisa lepas dari kambing hitam ini""",,Unknown class
"""Maafin Aja Bro Semua Orang Pasti Ada Kesalahan Dia Juga Pasti Ada Kesalahan Nasehatin Aja Siapa Tau Dia Berubah""",0.0,Normal
"""Kasian anjingnya dipeluk sma sampahh""",,Unknown class
"""Gua kira keluar dari PENJARA bisa berubah""",,Unknown class
"""Cintamu hanya sebatas kertas wkwkw enteng bang""",,Unknown class
"""Padahal sejak dia sama Jane aku lebih respect :( skrg bener2 udah hilang respect :(""",,Unknown class
"""udah nemenin dari masa tersulit lo pas udah keluar malah selingkuh, ga nyangka idola gua sesampah itu.""",,Unknown class
"""Dihujat habis""an semua postingan lama ada komen baru wkwk""",,Unknown class
"""Gua gabisa bedain mana anjing mana manusia, keliatannya sama""",,Unknown class
"""Lu mirip anaknya kick andy yg namanya marlo bang""",,Unknown class
"""Kenapa ada orang baik ? Karna ada orang jahat""",,Unknown class
"""Ngga ada niatan ngadain pengajian gitu bang?""",,Unknown class
"""Suka banget sama rambutnyaa tambah ganteng""",,Unknown class
"""@abatartila Ada ada aja kaya gini di bilang king, king muke nya udh kaya tai musang""",,Unknown class
"""Ninggalin berlian demi tai babi dih""",,Unknown class
"""ganteng kaga lu begitu malah keliatan kaya daki kontol""",,Unknown class
"""Mukak lo kayak tapir kuda asu sok ganteng banget lo""",,Unknown class
"""Banyak yg kecewa karena lu begini rik!!!!""",,Unknown class
"""Maap ye‚Ä¶muke lu udh jelek kaga usah sok selingkuh,cakepan anjing gua noh""",,Unknown class
"""Apa si hebatnya banci yg badannya penuh koreng kaya lo""",,Unknown class
"""Gini dong bersihan kaga kek tahun tahun sebelumnya dekil""",,Unknown class
"""Muka lu keriput kek aki aki""",,Unknown class
"""Foto jelek dihujat, foto ganteng dibilang sok ganteng""",,Unknown class
"""kebanyakan nyabu jadi kurus lu""",,Unknown class
"""NARKOBOYY NGELUARIN LIDAHH, AJG MAU APA, MAU TES URIN""",,Unknown class
"""Fotolu pede anjrit muka lu tu anjrit""",,Unknown class
"""Hidup itu jngn keterlaluan boss playboy amat ajg luu""",,Unknown class
"""Mukalu kek aktor bokep bgst mending ngobat aja luu""",,Unknown class
"""dah jelek semangattt pulak WKWK""",,Unknown class
"""Muka nya kok gitu, seren bikin mual liatnya""",,Unknown class
"""Sana anjing ngewe ama lonte bangsat""",,Unknown class
"""Muka kek kontol mending di penjara""",,Unknown class
"""muka kek banci dih najis""",,Unknown class
"""Ntar Mati dalam keadaan konyol""",,Unknown class
"""mau bilang jelek nya ga enak hehe ‚Ä¶""",,Unknown class
"""Idihhhhh pantesan aja foto nya keluarin lidah kyk gtu. Trnyata tukang jilat‚Ä¶""",,Unknown class
"""NIH ORANG KALO LOMBA MIRIP BABI,BABINYA JUARA 2""",,Unknown class
"""Titisan dakjal emg lo nyet""",,Unknown class
"""Et muka lu aje gitu dih hahaha. Biarin aja sampah ketemu sampah biar busuk bersama""",,Unknown class
"""Jijik astagah sok bat cakep njs""",,Unknown class
"""Bully an di ig lebih ngeri daripada di fb ajg gua jadi ngerii! Ajgg",,Unknown class
"""udah buriq brengsek pula pantes aja dapet lonte""",,Unknown class
"""MUKA KAMPUNG GAYA SOK SOAN KOTA NYET""",,Unknown class
"""Ngapa lidah Lo stroke amin deh kalau gtu""",,Unknown class
"""Ciah dihujat 1 Indonesia jangan sampe bunuh diri ya komtoll kami blom puas nguat kauuu""",,Unknown class
"""Org kampung otak dusun gaya sosoan hype. Ttep aja gabisa nutupin muka babu lu.""",,Unknown class
"""Cowo foto liatin lidah nya jam ah jijik gue. Apa lagi minus akhlak kek gini""",,Unknown class
"""ANJING gue jg ogah liat muke lu""",,Unknown class
"""G bole melet dosaa rik""",,Unknown class
"""paan melet melet mau jilat tai tabi?""",,Unknown class
"""Setan emg melet2 teross jijik asuuu""",,Unknown class
"""ni anak lahir krna kondom bocor.. ga ada rasa syukur muka kyk selangkangan gorilla dpt cewe cntik kyk jessica setia dll malah di sia2in bgsad""",,Unknown class
"""Apaan si melet2 sok ganteng""",,Unknown class
"""Muka kek slangkangan biawak aje bnyk blagu lu""",,Unknown class
"""Sumpah sih jahat banget. Bener2 kasian sama kak jessica""",,Unknown class
"""Anjing gk pantes sama bidadari.""",,Unknown class
"""MELET MULU SETAN KAYA ULAR""",,Unknown class
"""Njr melet melet gw kirain hewan""",,Unknown class
"""Gtu aj dh kek anjg lo kang""",,Unknown class
"""Gw kesini pengen liat babang ini.. Sumpah feeling gw bener.. Mirip banget ama Reynhard Sinaga""",,Unknown class
"""Ih ko melet2 si kaya hewan aja wkwkwkwk""",,Unknown class
"""Iuu milih iblis drpd bidadarii kwkwkw jyjyq""",,Unknown class
"""MELET2 UDAH KAYA ANJING, EH KAN EMAH ANJING""",,Unknown class
"""ga nyadar aja nih sampah HAHA""",,Unknown class
"""Lidah banyak kuman and virus nih""",,Unknown class
"""Awalnya ngira baju endorse dari KFC, mirip '-'""",,Unknown class
"""GUA MAU LO TERUS BERKARYA , PERBAIKI, TINGGALKAN YG NEGATIF , TIDAK ADA KATA TERLAMBAT , TTP JADI ORANG YG HEBAT DAN SELALU BAHAGIA @xrickolim""",,Unknown class
"""Cita cita ingin jadi pakboi , eh tapi malah jadi narkoboy nasib-nasib""",,Unknown class
"""Napa lu balik dari penjara sih?""",,Unknown class
"""Mending lu pada tobat dah""",,Unknown class
"""selama dipenjara apalo sikat gigi? KOK BAU YA, BAUBAU AROMA BANGSATTTT""",,Unknown class
"""Gigi lo ada apanya? Jigong? Atau kondom nya nyangkut?""",,Unknown class
"""ih mukanya kek anjing rumah gwa""",,Unknown class
"""woi anak anjing ngapain lu hidup bgst""",,Unknown class
"""Udah jelek gak usah d jelek2 in lagi bro""",,Unknown class
"""Ganteng kagak berbakat juga kagak kelebihannya dimana cobak?""",,Unknown class
"""Benci aja Ama orang jelek pake selingkuh segala""",,Unknown class
"""Udah tutup mulut nya bau kambing""",,Unknown class
"""Jualan jualan knp ngga jadi yutuber lagi bro takut ngga ada yg nntn yah""",,Unknown class
"""Kayak Randy Pangalila klo gk pake kacamata""",,Unknown class
"""Entah knp liat muka BG Eric sekarang kaya enak gitu .. dari pada yg dulu""",,Unknown class
"""Apa ganteng nyasih anjing.. Kucel gini jadiin model""",,Unknown class
"""keknya dia ngeliat masa depan yang hancur deh""",,Unknown class
"""INGETT HIDUP LO DULU GA SEENAK INI RIKKK. HIDUP LO SUSAH!!!! SALAM TEMEN SMP PAS LO BURIKKK. EH SKRG SAMA AJA""",,Unknown class
"""Yaaaa yaaa kalo liat muka nya sumpah ngeselin banget dah‚Ä¶.oprasi dulu sono..biar gantengan dikit.. Dan kalo jln ke mall gk di kenal orng.""",,Unknown class
"""dia ini siapa sih??? Artis bukan, jelek mah iya mukanya iyuhhh""",,Unknown class
"""Ini bukan era lo lagi, mending lo mati aja babi. Kalo baca bales nyet""",,Unknown class
"""Saya segenap hati minta maap""",,Unknown class
"""Dulu Bahagia Sekarang Banyak Utang""",,Unknown class
"""Harus lebih maju berkelas rik!! Ga jamannya lg toxic dan ga beraturan.. build sistem!! You will be BIG""",,Unknown class
"""editan sama konsepnya nice banget lahhh""",,Unknown class
"""iri kok sama babi hahah najis""",,Unknown class
"""LO YANG DULU BUKANLAH YANG SEKARANG DULU KAYA ANJING SEKARANG KAYA BABI""",,Unknown class
"""Jelek aja tukang selingkuh lo buriq !""",,Unknown class
"""kok kalian komennya pada kek gini ya""",,Unknown class
"""Rick lu tuh jadi manusia kek gk ada gunanya lu dilahirin kedunia untuk berbuat baik, sayang nya lu ngecewain org lain gimana mo masuk surga""",,Unknown class
"""Kalian kaloga cocok mau di paksain?""",,Unknown class
"""ya biarin @xrickolim kita gatau gimana aslinya masa kalian semua ambil keputusan sepihak?kalo udah takdir gaada yang bisa nentang njir""",,Unknown class
"""Cocok kok, emang orang baik mah buat org baik, kalo yg bejat mah emang cocok buat yang bejat juga ehehe""",,Unknown class
"""ERICK GOBLOK,MALAH PACARAN AMA LONTE ANJ,SO BAT""",,Unknown class
"""Cocok banget sama2 orang gak bener biar lah dia hancur bersama""",,Unknown class
"""EH KEK ADA PENAMPAKAN LONTE""",,Unknown class
"""Meninggalkan berlian demi Tai Sapi""",,Unknown class
"""Ini bukan era lo lgi, wkwkw skrng lo penuh dengan cacimaki, telen ludah sendiri""",,Unknown class
"""Pantes disini mulainya si ajg berulah""",,Unknown class
"""Open BO ga bang si listy? Kebetulan ada om-om yg nyari cwe yg udah pengalaman!!!!""",,Unknown class
"""Buah nangka buah kemanggi gak ada akhlak lu babi""",,Unknown class
"""Perlahan karirmu ancur bro dan lu akan kembali kebawan""",,Unknown class
"""Biarkan @sk69official bangkrut aja. CEO nya gatau trimakasih haha""",,Unknown class
"""ngapain juga nginap di rumah cowo, gaada keluarga lg lo?""",,Unknown class
"""Eh ada pelakor, pas banget frame ke tiga, orang ke 3""",,Unknown class
"""Anak gblk dikasi berlian malah milih kerikil""",,Unknown class
"""Dikasih bidadari malah milih dajjal awokawok:v""",,Unknown class
"""Jangan cuman bisa ngehina Dong Sadar Kalian Itu Ga sempurna sama kaya kami""",,Unknown class
"""Kesihan gue sama org otak dangkal kek gini""",,Unknown class
"""Murahh banget lo jijik gue ‚Ä¶. Dikick EVOS mlah open BO""",,Unknown class
"""senengnya sekali nyesel nya seumur hidup, miris banget hidup lu tolol meninggalkan berlian yang indah dipandang dan di sayang demi segumpal tai kucing""",,Unknown class
"""Indahnya pemandangan banyak LonT lonT mau di jual""",,Unknown class
"""bidadari sudah ditunjukan , bahwa mmg g pantes sma dajjal g tau diri""",,Unknown class
"""siapapun tolong kasih tau aku ini masalah nya apaa gais""",,Unknown class
"""dikasih hati yg malaikat milih yg berhati iblis greget:(""",,Unknown class
"""Di kasih bidadari malah pilih kotoran""",,Unknown class
"""Dikasih bidadari malah minta lonte""",,Unknown class
"""Gajadi beli Model murahan barang pasti murahan""",,Unknown class
"""Modelny aja murahan apalagi barangnya""",,Unknown class
"""muka macem pengamen gegayaan selingkuh, untung udh ga sm jane lg, kebanting sm jane muke lu""",,Unknown class
"""Males beli gua,gara gara ada lonte""",,Unknown class
"""Padahal bulug gini ya mukanya.. ehh,, maaf..""",,Unknown class
"""Padahal cantikan jessica kemana mana""",,Unknown class
"""Dikasih bidadari malah milih sampah""",,Unknown class
"""yaelah muka pas""an aja bangga lu njing""",,Unknown class
"""Wah ibarat lebih milih iblis daripada bidadari haha""",,Unknown class
"""@rangga_kanahaya knp gk truck sampah, kek mukanya sampah""",,Unknown class
"""Gajadi beli, takut ketularan lonte nya""",,Unknown class
"""hanya bisa melihat hujatan klean kasian si listy kontrak nya d copot , di hujat memang dunia sgt kejam""",,Unknown class
"""Jangan beli baju lonte entar kena sial""",,Unknown class
"""Dasar cewe lo itu LONTE tau kau!""",,Unknown class
"""Disini pada kenapa dah? Aku gapaham tolong""",,Unknown class
"""Itu ditengah manusia apa monyet kok kulitnya bercorak batik""",,Unknown class
"""Muka lu sama anjing gwe..lebih ganteng anjing gwe rik""",,Unknown class
"""Buat kalian para pens lonte jgn tkut listi Miskin krna dipecat, krna dia bsa kaya lgi, dgn cara ya nglonte""",,Unknown class
"""Etdah ninggalin yang baik demi lonte, situ waras mas wkwk""",,Unknown class
"""Gw melihat cewek murahan di postingan ini""",,Unknown class
"""yang kedua dari sebelah kanan itu batik apa orang dah? kok warna nya kek taek babi si?""",,Unknown class
"""Ih ko muka jelek banget siii serem kek setan""",,Unknown class
"""Itu yang foto ketiga jablay murahan bukan?""",,Unknown class
"""Jelek aja tukang selingkuh lo buriq !!!!""",,Unknown class
"""Emang kalian se suci apa sampai nghina dia segitu nya""",,Unknown class
"""Mending yang follow pada unfollow Udeh gausah ribet""",,Unknown class
"""Dekil tatoan, mampus karir Lo hancurr pantek""",,Unknown class
"""Udah ada berlian malah milih batu nisan""",,Unknown class
"""Alasan setan ama setan, KARNA KALO SETAN SAMA BIDADARI, SAYAPNYA RONTOK, DICEKER, DIGIGIT, DIJAMBAK2""",,Unknown class
"""Lagian juga Erick gak ada akhlak jelek lagi Listy juga jelek""",,Unknown class
"""Setan ma setan mahh emg cocokk udee""",,Unknown class
"""Lonte kurus pucet kek mayat hidup""",,Unknown class
"""Itu muka apa tutup panci wkwkekek jelek nya ampe ke ubun ubun""",,Unknown class
"""@xrickolim smngat trus bro tiada manusia yg sempurna kmu pasti bisa bangkit n jadi lebih baik GBU keepstrong""",0.0,Normal
"""bego anak orang udah ga perawan noh gara"" lu wkwkw""",,Unknown class
"""Frustasi..Sudah habis uangnya..Kasihannn""",,Unknown class
"""Bro buat lu pada yg ngehujat erick tpi masih punya masala sendiri jangan sok keras""",,Unknown class
"""Semangat Rick untuk usaha barunya""",,Unknown class
"""Hadehh muka kaya tong sampah .""",,Unknown class
"""banyak banget omongan kasar disini, tobat lah kawan kawan.. cukup comment kasar nya""",,Unknown class
"""Ni org jelek ga ada obat.kok jj mau liat apa ya..""",,Unknown class
"""Semangat bang, walaupun banyak orang yang ngejudge lu. Jangan peduliin mereka""",,Unknown class
"""Tuhan yesus baik semangat rick""",0.0,Normal
"""Jangan di bales komen hate bang bikin sakit jempol, mending lanjut berkarya:)""",,Unknown class
"""Eh lo nyadar ga ? Udah dekil terus tatoan, jadi nya kaya daki haha""",,Unknown class
"""jelek dapet selingkuhan jelek juga keren yaa imbang wkkw""",,Unknown class
"""Wah ngehina fisik ni orang,ga bener ya wkwkwkwk""",,Unknown class
"""BUNUH DIRI LAH SONO GOBLOX""",,Unknown class
"""Sabar semua komentar ini ujian""",,Unknown class
"""Santai rick yg ngehujat lo belom tau perjalanan hidup lo aja! Mereka hanya sok suci!""",,Unknown class
"""Yang sabar yah,tetep semangat ngejar karirnya jangan dengerin kata orang mereka Cuma bisa ngebacot di komen doank""",,Unknown class
"""Erick masuk neraka jalur selingkuh bos""",,Unknown class
"""Trs berkarya walaupun brd di titik sprti ini""",,Unknown class
"""Stop lah ngatain orang lain lu pada itu yg ngatain orang lain ngaca dlu sebelum ngatain kayak suci aja hidup lu pada""",,Unknown class
"""Yang ngatain keknya idupnya gapernag bikin kesalahan""",,Unknown class
"""Jadi gila kau rupanya karna gak laku lagi di YouTube""",,Unknown class
"""Kasian yah sdh stress banyak masalah""",,Unknown class
"""Kok jatohnya malah kek ajg sih rikkk""",,Unknown class
"""Karir turun jadi autis kasian hahah""",,Unknown class
"""erick yang kek gini yang gua kangenin, keep it up bruuh""",,Unknown class
"""Udah mau autis iya bg awokawkk""",,Unknown class
"""Kasian masih muda udah stresss""",,Unknown class
"""Banyak komen yg support malah ketutup yg hate bgst emang IG""",,Unknown class
"""Maudy cantik na natural bnr2 cantik bgt, cantik luar dlm""",,Unknown class
"""Bikin konten YouTube Student life at standford @maudyayunda seperti waktu S1 at Oxford. Fansmu pada nungguin nih.""",0.0,Normal
"""Aura org pinter emg shining ya bun @hy_dindut""",,Unknown class
"""Paket lengkap deh.. udh cantik pintar lagi""",,Unknown class
"""Sukaa bnget sm artis ini‚Ä¶ nggak neko2.. dan natural bngett""",,Unknown class
"""Cantik, pintar bertalenta, ortu mana yg gak kepengen punya anak kyk mba maudy""",,Unknown class
"""Idih mak lampir, dibanding uya ma lu, lu bagaikan butiran debu,, lu dikenal karena bacot‚Ä¶ rajin2 ngaca deh""",,Unknown class
"""Anjirlah muka lo kek kuntilanak malah sok cantik""",,Unknown class
"""Mbak cadel yg bangga dengan cadelnya,, Harusnya sih kasihan karna cadel tapi lama"" jadi jijik kenapa gak sekalian bisu aja""",,Unknown class
"""Uda pinter, cantik gak kebanyakan tingkah. Perfect""",,Unknown class
"""Hati-hati mody jangan keluar sendirian jaga-jaga serangan brutal rasisme, wajahmu sekilas mirip onnie2 korea. Tetap waspada""",1.0,Racism
"""Bikin konten Youtube daily activity di Stanford dong kak @maudyayunda""",,Unknown class
"""Motivasi ku ka Maudy cantipp bngt""",,Unknown class
"""Semoga kecerdasan Mbak Maudy bermanfaat bagi agama, nusa, dan bangsa.. Aamiin""",,Unknown class
"""Damage nya cewek pinter gada lawann""",,Unknown class
"""cantikan waktu berisi dulu‚Ä¶ sekarang kurus bgt, kurus begini auranya kurang""",,Unknown class
"""cantik sih, tapi sayang kurus ya. padahl udh nikah lo, kurang bahagia sama pernikahannya?""",,Unknown class
"""masih good vibes walaupun sedang lapar""",,Unknown class
"""kakak cantik bgt bismillah cerdasnya nular""",,Unknown class
"""Bego lu. Alam semesta dan seisinya pun serentak murka mendengarkan lagumu""",,Unknown class
"""Dua2 nya cantik banget masya Allah""",,Unknown class
"""ka nisa mirip ariana grande masa""",,Unknown class
"""Adiknya Kak Maudy, cantik, pinter, aura positifnya keluar, ramah, lemah lembut, rajin, sholeha""",,Unknown class
"""Sekilas yg abu mirip ariana grande haha""",,Unknown class
"""Yang satu nya mirip Ariana grande""",,Unknown class
"""Kakak sama adek sama sama cantik ya aku suka sama dua duanya""",,Unknown class
"""Rambutnya kak modd bagussss‚Ä¶ Item berkilauu""",,Unknown class
"""Cantik semua congrats kak msuk nominsi tc candler""",,Unknown class
"""Maudy enak bet dah cantik iya pinter iya""",,Unknown class
"""kukira dedeknya berdiri itu mau mukul bang jer pake ukulele‚Ä¶ ternyata aku salah salah :""""",,Unknown class
"""Bang jerome KLO nyanyiny kek gini bagus suaranya ganyangkaaa""",,Unknown class
"""Sutan kamu sangat lucu dan menggemaskan""",,Unknown class
"""Bang sering-sering dong buat vidio bareng sutan dia kayanya juga seneng ama bang jerom""",,Unknown class
"""Klu @jeromepoline buat video tapi berdua aja seharian sama anak kecil, hahah lucu juga gimana riwehnya""",,Unknown class
"""Muka lu kok cabul banget sih bg hahah""",,Unknown class
"""Dari raut mukanya aja udh terlihat seperti org kalah judi dan tidak pernah makan enak""",,Unknown class
"""Kak jerome kayak boneka tau hahah""",,Unknown class
"""Mukbang makanan sehat dong kak. Salad jepang gituuu.""",,Unknown class
"""Yakinin dulu niatnya bg‚Ä¶ Semoga sukses""",,Unknown class
"""Bang, aku nonton kamu setelah aku kerja di Jepang. Bermanfaat bgt kontennya jd gampang kalo mau nyari apa apa di Jepang""",,Unknown class
"""Cuman rumus diet ini yg ga bisa dipecahka ya bang?""",,Unknown class
"""Perut makin maju tpi semangat jangan tak maju""",,Unknown class
"""Pantesan kak Jessica bilang bang jerom beruang wkwkwk""",,Unknown class
"""Aduhh susah klo urusan sma Jerome rumus matematika terus bahasannya‚Ä¶ Apakah daya diriku yg lebih suka bhs Inggris drpd matematika""",,Unknown class
"""Kaya tulus ya mukanya klo diliat2""",,Unknown class
"""Kak Jerome, bagi trik biar bisa paham dan ingat cepat rumus matematika, dung:)""",,Unknown class
"""Baru x ini baca caption harus mikir dan pakai kalkulator cuyyy hahaha""",,Unknown class
"""Sumpah si kak, kemeja jeans bikin keliatan seger bgt mantap mantap""",,Unknown class
"""Mirip ama aktor korea yg main di film reply 1988 yg jadi kaka nya jung hwan wkwk""",,Unknown class
"""iya bang jer terlihat berbeda klo pake style kayak gini lebih terlihat fresh anak gaul""",,Unknown class
"""Klo style ke gini pas gitu bang sma umur lu yg msh muda keliatan lbh fresh aja sesuai sma umur""",,Unknown class
"""Kok makin dewasa makin imutt aih cipaaaaaa""",,Unknown class
"""maniss bangettt pengen dah punya senyuman manis kayak ka syifaaa""",,Unknown class
"""Nih orang manis bnget sihh ga ngerti lagi""",,Unknown class
"""Kakak pinter nyanyi ya @syifahadjureal, suaranya bagus kak""",,Unknown class
"""Gk salah kalo kak syifa cantik mamahnya aja cantik bgtt!! Jujurr""",,Unknown class
"""Lelaki yg mendapatkan km. Adalah lelaki yg beruntung.""",,Unknown class
"""Kamu mirip bgt ayahmu kalo adikmu mirip bgt mamamu""",,Unknown class
"""Kakak udah cantik sii, tapi cantikan lagi kalo pake hijab""",,Unknown class
"""Gemeshh rasanya kaya aku pengen cubit""",,Unknown class
"""@angelkmgi ini paling cute sih, ganteng parah msh kecil jg""",,Unknown class
"""Pengen gw pacul mulut lo!! woii anjeng busuk""",,Unknown class
"""Sering blg ke org2 artis cewek yg menurutku paling cantik syifa sama ziu""",,Unknown class
"""Ka cipa tu uda cantik, baik, manis bgt pula, manisnya tu nglebihin gula""",,Unknown class
"""Dilihat sekilas pun tampak jelas kalau cantikkan syifa""",,Unknown class
"""Setuju g sih? Si dia tetep cntik bgt meski g pke make up‚Ä¶ lah aku g pke make up pucet bgt kyk g makan setahunn""",,Unknown class
"""dahlahh emang cantik luar dalam kmu ini cippp""",,Unknown class
"""Muka cantik tanpa make up hini, bahagia bgt kali ya yg jadi suaminya, bisa liat bidadari setiap harinya.""",,Unknown class
"""Suka bgtt sm kak cipaa.. orangnya humble sm semua orang dan banyak temannya juga""",,Unknown class
"""Artis remaja di Indonesia yg manis bgt kalo senyum Cuma dia deh perasaan yg nempel di hati""",,Unknown class
"""Aku doakan perempuan baik yg bernama Nagita selalu sehat, bahagia lahir batin, dan banyak yang sayang sm dia..""",0.0,Normal
"""Rafathar nya mantull ni, pulang nggk jd nginep karna nggk ada temen mamany d rmh papany belum pulangg.. jd jagain dan temenin mama dulu  ya aa""",,Unknown class
"""kultur kerja kaya gini menurut gw bagus si ga kapitalis banget, petingginya juga ikut kerja misal ngevlog atau endors, semoga gaji juga ga senjang si haha""",,Unknown class
"""Pantas pada senang kerja di Rans.. mbak gigi nggak ngebossy..""",,Unknown class
"""Seneng yaa lihat orang sukses meeting. Ya Allah pengen sukses kayak gitu biar ada status di instastory""",,Unknown class
"""smga semua kelg dan crew sehat semua.. dan rejeki trs lancar ya kak gigi..""",,Unknown class
"""Fokus ke nagita pas mau minum masih sempet baca doa. keren bgt hasil dari didikan orang tua nya""",,Unknown class
"""Kasihan ya , Nagita punya suami kerjaannya berzinah terus""",,Unknown class
"""Koreaable banget face rafathar cakep ganteng manis banget""",,Unknown class
"""MasyaAllah Rafathar tambah besar makin tambah ganteng bgt gk kuat ngeliat alisny‚Ä¶""",,Unknown class
"""Kok mirip siwon ya lama2, apa perasaan gw aja.""",,Unknown class
"""Lucunya berasa kayak kaka dan adek""",,Unknown class
"""Itu wajah nagita kya masih umur 20an""",,Unknown class
"""Foto no edit edit ya saayy kamera nyaa bening,,, model fotonya pun juga bening gak perlu pakai filter tipu tipu""",0.0,Normal
"""Look-nya Rafathar emang gak bisa dipungkiri, diborong gen mama gigi semua HAHA.""",,Unknown class
"""Nagita masa kaya anak muda coba cantikk bangeett""",,Unknown class
"""Masyaallah mamany cantik anakny ganteng, perfect""",,Unknown class
"""Kaya adek kakak.. kak gigi keliatan muda banget""",,Unknown class
"""Tambah gede aja rafathar ya tambah pinter ya Rafathar""",,Unknown class
"""Mama gigi kalau rambutnya agak pirang tambah cantik dan tampak lebih muda""",,Unknown class
"""OOTD mama gigi simple tapi elegan dilihat nya, masyaallah""",,Unknown class
"""Masyaallah mamah gigi bening bet dah, sehat selalu mamah gigi dn keluarga""",,Unknown class
"""mama gigi ketemu gajah. gajahnya seneng sampai ketawa gitu ahhaha.""",,Unknown class
"""Ya allah ga tau knp ak suka setiap lihat nagita pake dress modelnya cakep cakep""",,Unknown class
"""i see beauty in everything mba gigi sehat selalu sama dede bayi nya""",,Unknown class
"""Mama gigi cantik banget‚Ä¶ look younger than her age.. love mama gigi""",,Unknown class
"""Semoga adeknya rafathar menjadi anak yang tangguh kuat cerdas""",0.0,Normal
"""Pakaian apapun yg dipake mama gigi selalu keceee""",,Unknown class
"""Terima kasih kak Nagita @raffinagita1717 sudah support Molly si gajah dan satwa-satwa di Bali Zoo lainnya dengan kunjungannya bersama keluarga""",,Unknown class
"""Kaya ny gajahnya merasakan aura positif nya mb gigi itu‚Ä¶ kelihatan sumringah jg gajahnya loo..""",,Unknown class
"""Manis banget mbak gigi.. Masya Allah.. hamil semakin bersinar..""",,Unknown class
"""Mama gigi gapernah ga cantik sih kalo menurut aku.""",,Unknown class
"""Semoga sehat selalu bayi dalam kandungan nya sama ibunya ya.""",,Unknown class
"""Cantik banget semoga sehat selalu kakak panutan""",,Unknown class
"""MasyaAllah selalu mempesona baik kaum adam maupun kaum hawa""",,Unknown class
"""Gak ada orang lain yang bangun tidur siang secantik ini selain ka yaya""",,Unknown class
"""makin tua makin muda yehh mukanya, mana cantik bngett mo nangiss ampun cantik terus ka yaya""",,Unknown class
"""Gapaham lagi cakeup nya natural Masyaallah""",,Unknown class
"""Raisa mah tipe cantik tapi sopan santun pakaiannya""",,Unknown class
"""ka yayaaa, why are you always stunning pretty girl.""",,Unknown class
"""Ya Allah ni orang apa peri, cantik amatt""",,Unknown class
"""Kenapa cantik banget aku heran dilihat dari samping kanan kiri depan dll tetep aja cantik""",,Unknown class
"""BISA BERHENTI CAKEP GA KAKK? PUSINGGGG IH""",,Unknown class
"""Cantik bajunya keren warnanya bikin pangling""",,Unknown class
"""Sudah dongggg dan sudah di liked juga.. congratulations""",,Unknown class
"""Udaaaahh nontonnnnn.. lagunya bajunya makeup dan hairdo nyaaa sukaakkkk""",,Unknown class
"""Raisa sekarang ngak monoton‚Ä¶. Jadi suka deh‚Ä¶. Sering2 kek gini‚Ä¶.""",,Unknown class
"""udah dong. Lagi ngunyah aja cute banget""",,Unknown class
"""Penyihir secantik ini gue rela dikutuk jadi tokek laut""",,Unknown class
"""Ya ampun kak makan apa sih kok bisa cantik banget""",,Unknown class
"""Ya allah kek anak yg msh batita klo lg ngambek manyunnya begitu, gemes hahaha""",,Unknown class
"""Aku udah. Dan sumpah bagus banget. Serasa liat cerita disney gitu""",,Unknown class
"""lu lebih gak sopan, mukak lu kayak babi!""",,Unknown class
"""ya Allah kenapa begitu sempurna sih ciptaanmu yg satu in""",,Unknown class
"""Ragu aja cantiknya udh kek gini, gmn kl yakin yak, cantiknya kek apa, heran""",,Unknown class
"""Bukan keliatan ragu, tapi keliatan cantik""",,Unknown class
"""Warna yang paling bikin Raisa makin shinning itu merah, hitam, putih, pink and emerald""",,Unknown class
"""Raisa pake baju merah sumpahh cantik bgttt""",,Unknown class
"""Liriknya pendek tp susah di hafal pas awal awal, begitu di puter beberapa kali eh kok candu banget""",,Unknown class
"""Demi apa, Kak Yaya gk pernah ngeRAGUin para pendengar lagu2 nya""",,Unknown class
"""Ka yaya kalo ragu tetep secantik itu yah :"")""",,Unknown class
"""Ragu aja cantik kan kak, apalagi kalau serius""",,Unknown class
"""Ngga alay. Ngga muluk muluk. Natural. Sukaaaa",,Unknown class
"""seru bgt gemoy, tim berkebun plus tim alam bgt niiii""",,Unknown class
"""nikmatnya bisa menghirup oksigen dengan bebas ya :)""",,Unknown class
"""Slide kedua mukanya mau gaya apa aja tetep cantikk""",,Unknown class
"""mba isyana foto gelap2an gini aja aesthetic bgt ya""",,Unknown class
"""mba isyana udah cantik suaranya bagus kompeten pula, ah sukaaaa""",,Unknown class
"""Ga Taulah aku juga suka banget sama gayanya isyan""",,Unknown class
"""Kangen nonton konser isyan secara lgsg, meskipun msh bisa virtual, Cuma experience-nya lebih dapat aja gitu""",,Unknown class
"""Congrats ka @isyanasarasvati, terus berkarya, makin sukses‚Ä¶ dan terus mnjd inpirasi kita semua‚Ä¶""",,Unknown class
"""Congrats kak, kamu memang pantes mendapatkannya""",,Unknown class
"""Saya berharap kak @isyanasarasvati panjang umur. Sehingga bisa jadi inspirasi untuk musisi seluruh Indonesia. Saya suka musik indonesia dengan adanya kak Isyana""",,Unknown class
"""Udah cantik, rada gesrek tapi ya ini banyak kelebihannya, semangat tetap produktif""",,Unknown class
"""Gatau lagi, serasa nonton wtf beneran di jkt meski virtual and thankyouu for the performance kak syan! Selalu keren dan pecah! Tak pernah sekalipun mengecewakan""",,Unknown class
"""Walaupun ga pernah lihat ka isyana live beneran di panggung. Tp aku terpesona bgt ama live virtual asli keren""",,Unknown class
"""yash we the fest even virtual tapi tetep keren bgt kak syann huaaa energi nya dpt bgt""",,Unknown class
"""Keren banget!!! walaupun sebentar tapi mantap abis! Ditunggu karya selanjutnya ya kak! Stay safe and healthy isyana ku""",,Unknown class
"""makaseh jugaa kakaaa inyeeuuuu semoga aku bisa pantang menyerah seperti kakak dan teman musisi lainnya yaaa""",,Unknown class
"""Thank you juga, Syan! Seneng banget kemarin haha! Semoga setelah pandemi ini, semua rencana dilancarkan ya, Syan!""",,Unknown class
"""hua seneng bgt kmrn walaupun Cuma 35 menitan tp seneng liat isyan, adaptasi kebiasaan baruku semoga bisa lebih teratur maemnya, ditunggu karya selanjutnya kaka""",,Unknown class
"""senang akhirnya indonesia bisa mempunyai musisi idealis berkualitas tinggi yg masih bisa terus berkarya & diapresiasi oleh banyak orang‚Ä¶""",,Unknown class
"""Berharap bisa menghadirkan musisi dgn genre yang lain dr yg sudah ada di industri‚Ä¶ biar musik Indonesia lebih berwarna""",,Unknown class
"""congrats kak isyan semoga semua impian-impian baiknya segera bisa terwujud aamiin""",,Unknown class
"""Bener bener idola, dr musisi yang dipandang sebelah mata sampe buat label musik sendiri, congrats syan""",,Unknown class
"""CONGRATS KAK ISYAN semoga karya nya apa yg dilakukan kakak sukses teruss""",,Unknown class
"""ORANG INI TERLIHAT SANGAT SANGAT STRES DAN GILA""",,Unknown class
"""Gua kalai jadi tuhan gaakan gua jadiin dia ini manusia, lebih pante ga hidup ini orang di dunia, akhlaknya gaada tolol bangsat""",,Unknown class
"""Biasa nya aq nangis kalo lagu nya seiihh, kalo sekarang nangis karna saking bagus nya lagu nya""",,Unknown class
"""definisi minat ketemu bakat ketemu kerja keras""",,Unknown class
"""@vnagstn astaga si isyana keren banget ini; bisa ada musisi lokal yang selera musiknya kayak gini""",,Unknown class
"""MashaAllah‚Ä¶ udh cantik, pinter, jago nyanyi dn mainin alat musik pula neng @isyanasarasvati ngefans bener ini mah""",,Unknown class
"""Gilaaaa.. gila.. gilaaaa Tangan, kaki, ekspresi, n emosi tertuang adi suatu karya yg fantastis""",,Unknown class
"""Gosh, tiap kali lihat isyana mainin alat musik kaya lihat jiwanya beda. Merinding gila. Kaya kepribadiannya jadi serius bangett""",,Unknown class
"""Sumpah demi allah bagus bangett kereennn merinding ak nya.. dengerin sampe abis tiba2 aja ampe netesin air mata""",,Unknown class
"""aku memutuskan untuk menjadi fans isyana. gila keren banget ya, otak mereka berdua bisa berfungsi dg menjalankan perintah ke tangan dan kaki, di waktu bersamaan""",,Unknown class
"""AMZING ISYANAA!! Jujur aku amazed banget dengan skill dan minat Isyana dalam bermusik. Ga Cuma bernyanyi tapi main alat musik pun jago banget""",,Unknown class
"""paling ngiri liat orang keren maen alat musik dan dalem banget nikmatin permainan sendiri""",,Unknown class
"""Sampe ga bisa berkata2 lagi buat isyana, sangat2 sempurna org ini""",,Unknown class
"""Inimah bukan main alat musik lagi. Olahraga jari dan kaki ini mah""",,Unknown class
