`comment_id`, `created_at`, `profile_pic_url`, `text`, `user_id`, `username`
`18063454471560378`, `1718324291`, `https://scontent-itm1-1.cdninstagram.com/v/t51.2885-19/449703187_1625533608288017_1694243735221105255_n.jpg?stp=dst-jpg_s150x150&_nc_ht=scontent-itm1-1.cdninstagram.com&_nc_cat=105&_nc_ohc=cQeRfmfBk9YQ7kNvgFuG1pF&_nc_gid=7326475d930d47fcb88960aa5340bc4d&edm=AI-cjbYBAAAA&ccb=7-5&oh=00_AYBG8mk7PfWksSnpLZ_572f00Rwf0MB2QXYWaDpiwVXYSg&oe=672E3EB0&_nc_sid=0985b0`, ``, `24535323288`, `stevc_`
`18011871236209281`, `1718338989`, `https://scontent-itm1-1.cdninstagram.com/v/t51.2885-19/464944991_1304232767409492_3498860984807252627_n.jpg?stp=dst-jpg_s150x150&_nc_ht=scontent-itm1-1.cdninstagram.com&_nc_cat=100&_nc_ohc=oCXlp-R9wBMQ7kNvgG8lxoA&_nc_gid=7326475d930d47fcb88960aa5340bc4d&edm=AI-cjbYBAAAA&ccb=7-5&oh=00_AYCMZRYkqwJ8Qh51ZsavihTbmm9X0JdQgQ7NMHZhqJP8ww&oe=672E3500&_nc_sid=0985b0`, `Berlajar dari kejadian ini, jangan sampai kedepannya kayak begini lagi yaa 🙌`, `46378717692`, `_najwa7603`
`18237631414251703`, `1718342813`, `https://scontent-itm1-1.cdninstagram.com/v/t51.2885-19/461515239_1565608104069661_2844137883653203009_n.jpg?stp=dst-jpg_s150x150&_nc_ht=scontent-itm1-1.cdninstagram.com&_nc_cat=101&_nc_ohc=1p4pd6VweYUQ7kNvgFbtfW1&_nc_gid=7326475d930d47fcb88960aa5340bc4d&edm=AI-cjbYBAAAA&ccb=7-5&oh=00_AYClCsTYoJ2CtSRbVMaD97F9mVirRseXGI6qydU8nNZKlg&oe=672E3A14&_nc_sid=0985b0`, `Lagian main² si 😂, kena mental kan lo.. wkwk lucu bgt kalian 🤣🤣`, `5617290176`, `lutfifauziaaahh.4`
`18028897552913688`, `1718346465`, `https://scontent-itm1-1.cdninstagram.com/v/t51.2885-19/436130474_2190512994619737_1284411269068845126_n.jpg?stp=dst-jpg_s150x150&_nc_ht=scontent-itm1-1.cdninstagram.com&_nc_cat=109&_nc_ohc=vLhAeuIIPo4Q7kNvgG-CblV&_nc_gid=7326475d930d47fcb88960aa5340bc4d&edm=AI-cjbYBAAAA&ccb=7-5&oh=00_AYBI2J_RGh9O-ABJRkm6lVYHhZAMAOvoH94TwWjucY4p-Q&oe=672E55B3&_nc_sid=0985b0`, ``, `46931118615`, `dra.x.8`
`17903791571990692`, `1718358968`, `https://scontent-itm1-1.cdninstagram.com/v/t51.2885-19/278860878_1943406685848884_7031533411922451437_n.jpg?stp=dst-jpg_s150x150&_nc_ht=scontent-itm1-1.cdninstagram.com&_nc_cat=108&_nc_ohc=1JxgjYhDZcEQ7kNvgFCcKkw&_nc_gid=7326475d930d47fcb88960aa5340bc4d&edm=AI-cjbYBAAAA&ccb=7-5&oh=00_AYCDFqpTBqVXFHcFOAXIgaxUJslGeAwx_GqtPyXdwWrZGw&oe=672E385E&_nc_sid=0985b0`, `🐵🐰🐻🦁🐭 😍😍😍 cocok debut di agensi HYBE`, `40329225183`, `jigumi_sungan`
`17851439610185296`, `1718364577`, `https://scontent-itm1-1.cdninstagram.com/v/t51.2885-19/464817801_1219614605993042_3252568667499283449_n.jpg?stp=dst-jpg_s150x150&_nc_ht=scontent-itm1-1.cdninstagram.com&_nc_cat=102&_nc_ohc=LPC_viuhE3gQ7kNvgHmV8c3&_nc_gid=7326475d930d47fcb88960aa5340bc4d&edm=AI-cjbYBAAAA&ccb=7-5&oh=00_AYAYZ0rs9pT16cskm_ci3oVL_yzbW9Ui-Vk7U1reFNOGVw&oe=672E37A7&_nc_sid=0985b0`, `Gorengan ini cik @devilajha @_kenxzx`, `50805148497`, `kf.mv_`
`18053738620712719`, `1718371066`, `https://scontent-itm1-1.cdninstagram.com/v/t51.2885-19/456866444_538218705403032_6653259107965800778_n.jpg?stp=dst-jpg_s150x150&_nc_ht=scontent-itm1-1.cdninstagram.com&_nc_cat=100&_nc_ohc=KT_1i2c75asQ7kNvgF9cLR0&_nc_gid=7326475d930d47fcb88960aa5340bc4d&edm=AI-cjbYBAAAA&ccb=7-5&oh=00_AYCL843xiTOJsCs4CFWl1JvoFhNF886AI_fY3Y08gt4bEw&oe=672E2530&_nc_sid=0985b0`, `@kf.mv_ ikan louhan😹`, `6018134632`, `devilajha`
`18338269231185324`, `1718379553`, `https://instagram.fsoc2-1.fna.fbcdn.net/v/t51.2885-19/44884218_345707102882519_2446069589734326272_n.jpg?stp=dst-jpg_e0_s150x150&_nc_ht=instagram.fsoc2-1.fna.fbcdn.net&_nc_cat=1&_nc_ohc=yX12bDVYlkAQ7kNvgHMl-cM&_nc_gid=2b2d5e56e35d44ea8c83b91c965e08b1&edm=ANct6CgBAAAA&ccb=7-5&ig_cache_key=YW5vbnltb3VzX3Byb2ZpbGVfcGlj.3-ccb7-5&oh=00_AYBcwot5cDnbGXpQRPIAEyP72JBJbwsgReuREu56QbJpgQ&oe=672E550F&_nc_sid=e9e035`, `Kodok zuma co di samping kiri pembicara pertama`, `40182007846`, `2econd_asdf`
`18031173485312930`, `1718385664`, `https://scontent-itm1-1.cdninstagram.com/v/t51.2885-19/465356992_1065442648386440_3460708623086251131_n.jpg?stp=dst-jpg_s150x150&_nc_ht=scontent-itm1-1.cdninstagram.com&_nc_cat=108&_nc_ohc=QutRngKZhXoQ7kNvgGK5dNI&_nc_gid=7326475d930d47fcb88960aa5340bc4d&edm=AI-cjbYBAAAA&ccb=7-5&oh=00_AYABQLGec1dXq4DjQmOTEeArY1qhRHRaurV-6bvnG3RgqA&oe=672E25A7&_nc_sid=0985b0`, `Masih mikir 1000 kali kasih kesempatan`, `52590644081`, `riders_135`
`18066716446550253`, `1718391514`, `https://scontent-itm1-1.cdninstagram.com/v/t51.2885-19/419057851_355537350539381_7113739244076473949_n.jpg?stp=dst-jpg_s150x150&_nc_ht=scontent-itm1-1.cdninstagram.com&_nc_cat=105&_nc_ohc=DGQ3wCRInKIQ7kNvgFskTts&_nc_gid=7326475d930d47fcb88960aa5340bc4d&edm=AI-cjbYBAAAA&ccb=7-5&oh=00_AYAjsptQlveICw6chVF4HZFxDvRI2cLtiHYomz9OxiGgNA&oe=672E287C&_nc_sid=0985b0`, `Kok ga ketawa? Ketawa dong, biar enak ngontolin ny lagi`, `2287498563`, `hahahawir`
`17861144394122361`, `1718396777`, `https://scontent-itm1-1.cdninstagram.com/v/t51.2885-19/455701720_1021542239680723_6591779783875295832_n.jpg?stp=dst-jpg_s150x150&_nc_ht=scontent-itm1-1.cdninstagram.com&_nc_cat=107&_nc_ohc=-Z2Efl8n3uoQ7kNvgFCOZO1&_nc_gid=7326475d930d47fcb88960aa5340bc4d&edm=AI-cjbYBAAAA&ccb=7-5&oh=00_AYB2-0kmUJ56lhI04htMaBion0KsvYH5T1fRHotLk7YN7g&oe=672E39FC&_nc_sid=0985b0`, `kontol cok`, `48960736206`, `ssetwnn11`
`17894055207013386`, `1718396790`, `https://scontent-itm1-1.cdninstagram.com/v/t51.2885-19/455701720_1021542239680723_6591779783875295832_n.jpg?stp=dst-jpg_s150x150&_nc_ht=scontent-itm1-1.cdninstagram.com&_nc_cat=107&_nc_ohc=-Z2Efl8n3uoQ7kNvgFCOZO1&_nc_gid=7326475d930d47fcb88960aa5340bc4d&edm=AI-cjbYBAAAA&ccb=7-5&oh=00_AYB2-0kmUJ56lhI04htMaBion0KsvYH5T1fRHotLk7YN7g&oe=672E39FC&_nc_sid=0985b0`, `lambemu koyo tempek`, `48960736206`, `ssetwnn11`
`18066779908551313`, `1718410782`, `https://scontent-itm1-1.cdninstagram.com/v/t51.2885-19/461711573_1063313918647725_9015852120794613072_n.jpg?stp=dst-jpg_s150x150&_nc_ht=scontent-itm1-1.cdninstagram.com&_nc_cat=109&_nc_ohc=ql9igIqNYqkQ7kNvgE_mkBI&_nc_gid=7326475d930d47fcb88960aa5340bc4d&edm=AI-cjbYBAAAA&ccb=7-5&oh=00_AYBWFlCwL_eu1UoN7QytB7Wa3FQ5HZdAQohg-7pCNHZaJg&oe=672E52CC&_nc_sid=0985b0`, `yang kaca mata muka ny kaya opet😂 ngomong` itu mata marahan ap gmna beblok kanan kiri gtu😂`, `62335839436`, `rflijlynto_23"
`18440289166035500`, `1718411248`, `https://scontent-itm1-1.cdninstagram.com/v/t51.2885-19/447770799_334505192826806_5628366264509070131_n.jpg?stp=dst-jpg_s150x150&_nc_ht=scontent-itm1-1.cdninstagram.com&_nc_cat=102&_nc_ohc=H6ksA441fQ0Q7kNvgEhmJ5_&_nc_gid=7326475d930d47fcb88960aa5340bc4d&edm=AI-cjbYBAAAA&ccb=7-5&oh=00_AYBP2kn3ORkcIX2eVj-JCNThVhW5gKnJK6s68mKSTisZvw&oe=672E38F1&_nc_sid=0985b0`, `💩`, `67247520701`, `lord_dendiwae4`
`18325800436121548`, `1718413246`, `https://scontent-itm1-1.cdninstagram.com/v/t51.2885-19/404946635_1140532540250794_4921782360081026574_n.jpg?stp=dst-jpg_s150x150&_nc_ht=scontent-itm1-1.cdninstagram.com&_nc_cat=110&_nc_ohc=vR-I0kVuPXQQ7kNvgFNM-qO&_nc_gid=7326475d930d47fcb88960aa5340bc4d&edm=AI-cjbYBAAAA&ccb=7-5&oh=00_AYBf1NMhndj17X3pThJz9CJAlz9fRhm2NZESHh5wgt_MvA&oe=672E4FD5&_nc_sid=0985b0`, `Alien 👽`, `52382701234`, `rizkydaffin_`
`17901185168922799`, `1718414121`, `https://scontent-itm1-1.cdninstagram.com/v/t51.2885-19/464915938_1083722569789187_5684975637529818270_n.jpg?stp=dst-jpg_s150x150&_nc_ht=scontent-itm1-1.cdninstagram.com&_nc_cat=111&_nc_ohc=BOptCEfPZh0Q7kNvgG5wijc&_nc_gid=7326475d930d47fcb88960aa5340bc4d&edm=AI-cjbYBAAAA&ccb=7-5&oh=00_AYBokdBjsyxdZHw7gAhJF4p-OxYYuq2h7CpHrcXQDX5oGA&oe=672E3BF6&_nc_sid=0985b0`, `Akun bodong ini keknya`, `23907962914`, `rzkyzkl`
`17996222327474920`, `1718414911`, `https://scontent-itm1-1.cdninstagram.com/v/t51.2885-19/450139339_1502310487335411_6206091909733442580_n.jpg?stp=dst-jpg_s150x150&_nc_ht=scontent-itm1-1.cdninstagram.com&_nc_cat=103&_nc_ohc=-KK7XWH5FoQQ7kNvgFpO9Nv&_nc_gid=7326475d930d47fcb88960aa5340bc4d&edm=AI-cjbYBAAAA&ccb=7-5&oh=00_AYBe9-ZN7OsY_dEX-VNmjwSbRmWVKEFvD8cKRbFsKB8ENw&oe=672E56D8&_nc_sid=0985b0`, `Ngapain bikin akun baru? Knp gak klarifikasi pake akun lama kalian?😂😂😂😂😂`, `7279247120`, `handika_moo21`
`18047285878742189`, `1718415506`, `https://instagram.fsoc2-1.fna.fbcdn.net/v/t51.2885-19/44884218_345707102882519_2446069589734326272_n.jpg?stp=dst-jpg_e0_s150x150&_nc_ht=instagram.fsoc2-1.fna.fbcdn.net&_nc_cat=1&_nc_ohc=yX12bDVYlkAQ7kNvgHMl-cM&_nc_gid=2b2d5e56e35d44ea8c83b91c965e08b1&edm=ANct6CgBAAAA&ccb=7-5&ig_cache_key=YW5vbnltb3VzX3Byb2ZpbGVfcGlj.3-ccb7-5&oh=00_AYBcwot5cDnbGXpQRPIAEyP72JBJbwsgReuREu56QbJpgQ&oe=672E550F&_nc_sid=e9e035`, `@kf.mv_ 👁👄👁`, `56236327648`, `_kenxzx`
`18036453742813540`, `1718418106`, `https://instagram.fsoc2-1.fna.fbcdn.net/v/t51.2885-19/44884218_345707102882519_2446069589734326272_n.jpg?stp=dst-jpg_e0_s150x150&_nc_ht=instagram.fsoc2-1.fna.fbcdn.net&_nc_cat=1&_nc_ohc=yX12bDVYlkAQ7kNvgHMl-cM&_nc_gid=2b2d5e56e35d44ea8c83b91c965e08b1&edm=ANct6CgBAAAA&ccb=7-5&ig_cache_key=YW5vbnltb3VzX3Byb2ZpbGVfcGlj.3-ccb7-5&oh=00_AYBcwot5cDnbGXpQRPIAEyP72JBJbwsgReuREu56QbJpgQ&oe=672E550F&_nc_sid=e9e035`, `asik mutilasi masal nih🙌`, `51211150175`, `hfzmrsy_`
`18023567945209611`, `1718426714`, `https://scontent-itm1-1.cdninstagram.com/v/t51.2885-19/446229220_2325008701034600_5753427005473587116_n.jpg?stp=dst-jpg_s150x150&_nc_ht=scontent-itm1-1.cdninstagram.com&_nc_cat=108&_nc_ohc=wKn_VYcqiZIQ7kNvgGmgbCY&_nc_gid=7326475d930d47fcb88960aa5340bc4d&edm=AI-cjbYBAAAA&ccb=7-5&oh=00_AYBtWdRAxk-Tf3AugTeXMF5JfSEIW9agCzohXeZt7ZtM8Q&oe=672E2CFF&_nc_sid=0985b0`, `Yg kacamata senyumlah sikit, nanti sakit 🤣`, `7487220070`, `pancanst07_`
`18011088893240597`, `1718427838`, `https://scontent-itm1-1.cdninstagram.com/v/t51.2885-19/460253769_521777980803521_5891378446457859119_n.jpg?stp=dst-jpg_s150x150&_nc_ht=scontent-itm1-1.cdninstagram.com&_nc_cat=105&_nc_ohc=OOI_QUc0gecQ7kNvgEJ7LC4&_nc_gid=7326475d930d47fcb88960aa5340bc4d&edm=AI-cjbYBAAAA&ccb=7-5&oh=00_AYANWdCx5WRn7kv6m_x9fl_85ntR9qqqPdItJZScuos0Ew&oe=672E48D2&_nc_sid=0985b0`, `Mangkanya kalo bikin vid itu dipikir dlu`, `58246642443`, `altzynn`
`18033943951988927`, `1718436837`, `https://scontent-itm1-1.cdninstagram.com/v/t51.2885-19/444124778_1158536768658763_4936548740421172134_n.jpg?stp=dst-jpg_s150x150&_nc_ht=scontent-itm1-1.cdninstagram.com&_nc_cat=107&_nc_ohc=kkdghOgoR_wQ7kNvgH8lKWO&_nc_gid=7326475d930d47fcb88960aa5340bc4d&edm=AI-cjbYBAAAA&ccb=7-5&oh=00_AYAVz5lMM0p_NMsfabUHbfiQuLqnpVRSu6nMJJsbyIgqww&oe=672E539B&_nc_sid=0985b0`, `Giliran di hujat aja baru minta maaf`, `57161511815`, `shafa_aja__`
`18032065430069954`, `1718444052`, `https://scontent-itm1-1.cdninstagram.com/v/t51.2885-19/448899629_434529132785454_5560377802393109356_n.jpg?stp=dst-jpg_s150x150&_nc_ht=scontent-itm1-1.cdninstagram.com&_nc_cat=106&_nc_ohc=el1ac7QEVs0Q7kNvgF2vG27&_nc_gid=7326475d930d47fcb88960aa5340bc4d&edm=AI-cjbYBAAAA&ccb=7-5&oh=00_AYDP2SmSA-xSgclTPNPK1wb9Nfy20U3RRkB_HIfnZLdbrQ&oe=672E41C9&_nc_sid=0985b0`, `Ndas kek pucuk kontol kemaki`, `49117446443`, `kyai_ff`
`18230579515263764`, `1718454177`, `https://scontent-itm1-1.cdninstagram.com/v/t51.2885-19/399763221_644667967856930_7269369051956121575_n.jpg?stp=dst-jpg_s150x150&_nc_ht=scontent-itm1-1.cdninstagram.com&_nc_cat=102&_nc_ohc=RARn3mNJJj4Q7kNvgE9dTqZ&_nc_gid=7326475d930d47fcb88960aa5340bc4d&edm=AI-cjbYBAAAA&ccb=7-5&oh=00_AYAIL-59DotZTBpEjW0XaRlM3naQNv6PkbZvZjHArrSCZQ&oe=672E25C6&_nc_sid=0985b0`, `@ardiansyah_25.08 didikan mossad`, `5326429368`, `ramadhan.4l`
`18027230006137078`, `1718470410`, `https://scontent-itm1-1.cdninstagram.com/v/t51.2885-19/361614228_620729103521856_3951705778418316838_n.jpg?stp=dst-jpg_s150x150&_nc_ht=scontent-itm1-1.cdninstagram.com&_nc_cat=100&_nc_ohc=Ubqb2pH6758Q7kNvgFxgOIN&_nc_gid=7326475d930d47fcb88960aa5340bc4d&edm=AI-cjbYBAAAA&ccb=7-5&oh=00_AYBDRwDhEOJQ2OQLoyfhpdktDNLsc4Qrb1ixSgPtn_h70w&oe=672E42C7&_nc_sid=0985b0`, `Mulut dijaga`, `34003986128`, `shopeefood_41`
`18357487720098588`, `1718470428`, `https://scontent-itm1-1.cdninstagram.com/v/t51.2885-19/361614228_620729103521856_3951705778418316838_n.jpg?stp=dst-jpg_s150x150&_nc_ht=scontent-itm1-1.cdninstagram.com&_nc_cat=100&_nc_ohc=Ubqb2pH6758Q7kNvgFxgOIN&_nc_gid=7326475d930d47fcb88960aa5340bc4d&edm=AI-cjbYBAAAA&ccb=7-5&oh=00_AYBDRwDhEOJQ2OQLoyfhpdktDNLsc4Qrb1ixSgPtn_h70w&oe=672E42C7&_nc_sid=0985b0`, `Ngomong pakai otak`, `34003986128`, `shopeefood_41`
`17860683423125789`, `1718493611`, `https://instagram.fsoc2-1.fna.fbcdn.net/v/t51.2885-19/44884218_345707102882519_2446069589734326272_n.jpg?stp=dst-jpg_e0_s150x150&_nc_ht=instagram.fsoc2-1.fna.fbcdn.net&_nc_cat=1&_nc_ohc=yX12bDVYlkAQ7kNvgHMl-cM&_nc_gid=2b2d5e56e35d44ea8c83b91c965e08b1&edm=ANct6CgBAAAA&ccb=7-5&ig_cache_key=YW5vbnltb3VzX3Byb2ZpbGVfcGlj.3-ccb7-5&oh=00_AYBcwot5cDnbGXpQRPIAEyP72JBJbwsgReuREu56QbJpgQ&oe=672E550F&_nc_sid=e9e035`, `Lagi mikir mau maaf kan atau tidak ,,🤔🤷🏻🤷🏻`, `59237785457`, `daeng.raya19`
`18267257674174987`, `1718502506`, `https://scontent-itm1-1.cdninstagram.com/v/t51.2885-19/461172132_1220439372408873_3044551325696418431_n.jpg?stp=dst-jpg_s150x150&_nc_ht=scontent-itm1-1.cdninstagram.com&_nc_cat=109&_nc_ohc=jFah6mTZrtEQ7kNvgGsiuhX&_nc_gid=7326475d930d47fcb88960aa5340bc4d&edm=AI-cjbYBAAAA&ccb=7-5&oh=00_AYDlx9fNB640d5Jm7dD313XmUpDfryY5baLBgggNFF9tGQ&oe=672E484E&_nc_sid=0985b0`, `MALU MALUIN KALIAN YAAAAAAAA, ANAK TUHAN APA ANAK APA KALIAN INIIIIIIII`, `9202045592`, `rinanaevan`
`18013258646196424`, `1718518941`, `https://scontent-itm1-1.cdninstagram.com/v/t51.2885-19/462249968_555383836985264_7252506725739151593_n.jpg?stp=dst-jpg_s150x150&_nc_ht=scontent-itm1-1.cdninstagram.com&_nc_cat=108&_nc_ohc=0yMIL3wNtBIQ7kNvgFXDaEf&_nc_gid=7326475d930d47fcb88960aa5340bc4d&edm=AI-cjbYBAAAA&ccb=7-5&oh=00_AYBL1jvMQDLXbr4rooZ5lQXk7FbwWP5W8UwQaxc1xHF5Ew&oe=672E39B0&_nc_sid=0985b0`, `Wajah ndolor😂😂😂kek orang kurang sempurna`, `60259916651`, `audry_ady301`
`17975651528592986`, `1718548344`, `https://scontent-itm1-1.cdninstagram.com/v/t51.2885-19/420650889_411598617964282_2222546227511530549_n.jpg?stp=dst-jpg_s150x150&_nc_ht=scontent-itm1-1.cdninstagram.com&_nc_cat=110&_nc_ohc=kW_yMbXtZNsQ7kNvgFLnfmW&_nc_gid=7326475d930d47fcb88960aa5340bc4d&edm=AI-cjbYBAAAA&ccb=7-5&oh=00_AYAxRKywBfkfzzUfnSYK2dIFVdPTy_E_lFR7F171clDIcQ&oe=672E48C8&_nc_sid=0985b0`, `Speech nya ditulisin ortunya ya? Text book banget`, `63005975233`, `mamaofkkk`
`17905759691902612`, `1718574259`, `https://instagram.fsoc2-1.fna.fbcdn.net/v/t51.2885-19/44884218_345707102882519_2446069589734326272_n.jpg?stp=dst-jpg_e0_s150x150&_nc_ht=instagram.fsoc2-1.fna.fbcdn.net&_nc_cat=1&_nc_ohc=yX12bDVYlkAQ7kNvgHMl-cM&_nc_gid=2b2d5e56e35d44ea8c83b91c965e08b1&edm=ANct6CgBAAAA&ccb=7-5&ig_cache_key=YW5vbnltb3VzX3Byb2ZpbGVfcGlj.3-ccb7-5&oh=00_AYBcwot5cDnbGXpQRPIAEyP72JBJbwsgReuREu56QbJpgQ&oe=672E550F&_nc_sid=e9e035`, `Gah`, `43324814238`, `kcvnaa`
`17948925062807325`, `1718609658`, `https://scontent-itm1-1.cdninstagram.com/v/t51.2885-19/450722351_1135049934241747_5412247706651799894_n.jpg?stp=dst-jpg_s150x150&_nc_ht=scontent-itm1-1.cdninstagram.com&_nc_cat=107&_nc_ohc=HBnk_8r1HfQQ7kNvgFcAS7b&_nc_gid=7326475d930d47fcb88960aa5340bc4d&edm=AI-cjbYBAAAA&ccb=7-5&oh=00_AYATCAnkAvqaayTCOtGx-uMUfPzewuzJkRGqI3SlPjbo2w&oe=672E35F8&_nc_sid=0985b0`, `Memafkan kalian itu urusan tuhan tapi mengirim kalian ke tuhan itu urusan ........`, `32576144113`, `muhammadiqbal_hd12`
`17974712387595249`, `1718620866`, `https://scontent-itm1-1.cdninstagram.com/v/t51.2885-19/455255685_822126600078742_5648337933911698770_n.jpg?stp=dst-jpg_s150x150&_nc_ht=scontent-itm1-1.cdninstagram.com&_nc_cat=110&_nc_ohc=A7PLGjgcHcMQ7kNvgGCDJ_z&_nc_gid=7326475d930d47fcb88960aa5340bc4d&edm=AI-cjbYBAAAA&ccb=7-5&oh=00_AYDVTyBHjJDfkx03O_aaEmxUSF5xskiQMlT-H3mEQKfLuw&oe=672E2E56&_nc_sid=0985b0`, `Yg s2 ulti ny apa sih 😂😂`, `45135717247`, `ycn_jj`
`17920780592924863`, `1718639806`, `https://scontent-itm1-1.cdninstagram.com/v/t51.2885-19/465452513_553691887360575_4320520655972935061_n.jpg?stp=dst-jpg_s150x150&_nc_ht=scontent-itm1-1.cdninstagram.com&_nc_cat=103&_nc_ohc=0wSc2vKuNiQQ7kNvgEyIfS6&_nc_gid=7326475d930d47fcb88960aa5340bc4d&edm=AI-cjbYBAAAA&ccb=7-5&oh=00_AYC5W95sA17D0pWSDQCAr0knphw0qZJvefCEPr4fRpUnnw&oe=672E2A42&_nc_sid=0985b0`, `LOL. MKNYA`, `57677886933`, `natural_sprazi`
`17997141812459332`, `1718666541`, `https://scontent-itm1-1.cdninstagram.com/v/t51.2885-19/439999132_453244980696554_2722152460099835879_n.jpg?stp=dst-jpg_s150x150&_nc_ht=scontent-itm1-1.cdninstagram.com&_nc_cat=102&_nc_ohc=ew0nqbK5MOkQ7kNvgFPeCZy&_nc_gid=7326475d930d47fcb88960aa5340bc4d&edm=AI-cjbYBAAAA&ccb=7-5&oh=00_AYCbxIPj59rGTfIxFlq34VmwBjlbFBxzMuF1mfNxWOazqw&oe=672E47D8&_nc_sid=0985b0`, `Gak bisa maafkan harus langsung sama warga Palestina`, `62322634618`, `ftkhi465`
`18026331658984743`, `1718721002`, `https://instagram.fsoc2-1.fna.fbcdn.net/v/t51.2885-19/44884218_345707102882519_2446069589734326272_n.jpg?stp=dst-jpg_e0_s150x150&_nc_ht=instagram.fsoc2-1.fna.fbcdn.net&_nc_cat=1&_nc_ohc=yX12bDVYlkAQ7kNvgHMl-cM&_nc_gid=2b2d5e56e35d44ea8c83b91c965e08b1&edm=ANct6CgBAAAA&ccb=7-5&ig_cache_key=YW5vbnltb3VzX3Byb2ZpbGVfcGlj.3-ccb7-5&oh=00_AYBcwot5cDnbGXpQRPIAEyP72JBJbwsgReuREu56QbJpgQ&oe=672E550F&_nc_sid=e9e035`, `emoh, aku gelem e smpean ki mati wae lah 🤗🤗 hukuman e setimpal og😍`, `48798764218`, `anastzshaa_`
`18227055547285741`, `1718768246`, `https://scontent-itm1-1.cdninstagram.com/v/t51.2885-19/311230132_848065842883006_2732842650645583960_n.jpg?stp=dst-jpg_s150x150&_nc_ht=scontent-itm1-1.cdninstagram.com&_nc_cat=110&_nc_ohc=BSe3-wXOTYAQ7kNvgHhil6b&_nc_gid=7326475d930d47fcb88960aa5340bc4d&edm=AI-cjbYBAAAA&ccb=7-5&oh=00_AYBd8zqk5jUtcUCboC78Pl_1Sm8kZIkq0yQu5gS-xkLyag&oe=672E35EA&_nc_sid=0985b0`, `Tulungan iye budak plok @permadiaktivis2 ...bisi terganggu mental na`, `904407790`, `mangsani_84`
`17853381387209594`, `1718809256`, `https://scontent-itm1-1.cdninstagram.com/v/t51.2885-19/464188483_551603777242336_5765429528919016834_n.jpg?stp=dst-jpg_s150x150&_nc_ht=scontent-itm1-1.cdninstagram.com&_nc_cat=104&_nc_ohc=2nWcsLm-OwIQ7kNvgGc81CA&_nc_gid=7326475d930d47fcb88960aa5340bc4d&edm=AI-cjbYBAAAA&ccb=7-5&oh=00_AYBVKzKtcUekTvNmh_tHzFY3ny14e3XM2L5VgseFLzvFNQ&oe=672E58E9&_nc_sid=0985b0`, `Bwa bwa bwa`, `53347001504`, `drtfrz`
`18083416897476419`, `1718856062`, `https://scontent-itm1-1.cdninstagram.com/v/t51.2885-19/463357231_449090910983970_8819831007933718399_n.jpg?stp=dst-jpg_s150x150&_nc_ht=scontent-itm1-1.cdninstagram.com&_nc_cat=106&_nc_ohc=TcWe4ohEzaIQ7kNvgGvWUoe&_nc_gid=7326475d930d47fcb88960aa5340bc4d&edm=AI-cjbYBAAAA&ccb=7-5&oh=00_AYAtzd_g0uoz3TTu5gSLuLRpED4ESXTayj8_02iJc_GO_g&oe=672E21BB&_nc_sid=0985b0`, `@ardiansyah_25.08 dih`, `61301461642`, `larissa.dostoevsky`
`18056887609676921`, `1723534095`, `https://scontent-itm1-1.cdninstagram.com/v/t51.2885-19/454954937_1035880528128821_1627048850746603597_n.jpg?stp=dst-jpg_s150x150&_nc_ht=scontent-itm1-1.cdninstagram.com&_nc_cat=105&_nc_ohc=dtTl8azF6FsQ7kNvgEd061v&_nc_gid=7326475d930d47fcb88960aa5340bc4d&edm=AI-cjbYBAAAA&ccb=7-5&oh=00_AYAyDddTG254fV7gvC5JvRUdTCkUEyVLQKlKOZLl-U-ZIA&oe=672E3C0E&_nc_sid=0985b0`, `bwa bwa bwa`, `65957489231`, `araryaip7f`
`18021612857195241`, `1718293097`, `https://scontent-itm1-1.cdninstagram.com/v/t51.2885-19/432602401_1066023607833237_2322895009357232873_n.jpg?stp=dst-jpg_s150x150&_nc_ht=scontent-itm1-1.cdninstagram.com&_nc_cat=109&_nc_ohc=8xKlj4gSXsAQ7kNvgEdeB3W&_nc_gid=74bfa4f54bb04df8afdd6536efcdfdf1&edm=AI-cjbYBAAAA&ccb=7-5&oh=00_AYD1RitG12bjfNQe8WJGUuzflHcg8Q9FzX5AxNJiIehjYg&oe=672E4006&_nc_sid=0985b0`, `Pret`, `64535850138`, `adht.yoo`
`18059305441611006`, `1718295731`, `https://scontent-itm1-1.cdninstagram.com/v/t51.2885-19/449690957_846314330751822_287681039562275873_n.jpg?stp=dst-jpg_s150x150&_nc_ht=scontent-itm1-1.cdninstagram.com&_nc_cat=106&_nc_ohc=nkHEAagIqCYQ7kNvgG0ZYay&_nc_gid=74bfa4f54bb04df8afdd6536efcdfdf1&edm=AI-cjbYBAAAA&ccb=7-5&oh=00_AYDb-nzTXv8g5wTpM0VkHdTN9cvzgERhnIqkxdHAP1n4RA&oe=672E43FE&_nc_sid=0985b0`, `Cocok e mati wae wkwkwkwk`, `57788909404`, `fadaf.__`
`18301926106084212`, `1718296660`, `https://scontent-itm1-1.cdninstagram.com/v/t51.2885-19/464981424_837861841756517_6392908581822305742_n.jpg?stp=dst-jpg_s150x150&_nc_ht=scontent-itm1-1.cdninstagram.com&_nc_cat=105&_nc_ohc=SSf2dNurtE4Q7kNvgFK8sDH&_nc_gid=74bfa4f54bb04df8afdd6536efcdfdf1&edm=AI-cjbYBAAAA&ccb=7-5&oh=00_AYCE-c-dlBvB0CQK9vfin8GdZOrghgk_HMEmEJfUwlur-g&oe=672E4903&_nc_sid=0985b0`, `Pelajaran, kalo mau bertindak itu dipikir2 dulu. Lu ga tau kekuatan Netizen Indo`, `33060429722`, `ramadnx_`
`18324371227125219`, `1718299896`, `https://scontent-itm1-1.cdninstagram.com/v/t51.2885-19/399763221_644667967856930_7269369051956121575_n.jpg?stp=dst-jpg_s150x150&_nc_ht=scontent-itm1-1.cdninstagram.com&_nc_cat=102&_nc_ohc=RARn3mNJJj4Q7kNvgE9dTqZ&_nc_gid=74bfa4f54bb04df8afdd6536efcdfdf1&edm=AI-cjbYBAAAA&ccb=7-5&oh=00_AYAsZTkut2UOCVg_Ten7UEGsTnWWsFjDCTrrLdcOqClU4Q&oe=672E25C6&_nc_sid=0985b0`, `Israel bagian indo`, `5326429368`, `ramadhan.4l`
`18022264160049825`, `1718301004`, `https://scontent-itm1-1.cdninstagram.com/v/t51.2885-19/459808035_8396002707177814_1085895810330605130_n.jpg?stp=dst-jpg_s150x150&_nc_ht=scontent-itm1-1.cdninstagram.com&_nc_cat=110&_nc_ohc=1u2Jk_0cXugQ7kNvgHXJnnZ&_nc_gid=74bfa4f54bb04df8afdd6536efcdfdf1&edm=AI-cjbYBAAAA&ccb=7-5&oh=00_AYCdjFQ-UDLqN4q6uaIobEhvhIAHMsYup-LBvm6jQJYhaw&oe=672E597F&_nc_sid=0985b0`, `Yasudah nextt jangan diulangi belajar dri kesalahan semua pernah salah oke? GBU ALL❤️`, `44291384725`, `sean.rl14`
`17872064862081049`, `1718313644`, `https://scontent-itm1-1.cdninstagram.com/v/t51.2885-19/311780641_189920926929321_2491896132302710217_n.jpg?stp=dst-jpg_s150x150&_nc_ht=scontent-itm1-1.cdninstagram.com&_nc_cat=109&_nc_ohc=BdSI44lK0u8Q7kNvgFRdt5-&_nc_gid=74bfa4f54bb04df8afdd6536efcdfdf1&edm=AI-cjbYBAAAA&ccb=7-5&oh=00_AYAVQB5g45U34wJDLN4NDXpVus3vGuAHPZ-SQjE2DFoFhQ&oe=672E2426&_nc_sid=0985b0`, `@ramadhan.4l  otak kau bagian indo`, `6917166593`, `ardiansyah_25.08`